# rank	piece	count	class	glyphs
1	って	1760	multi	2
2	じゃ	1290	multi	2
3	んだ	1240	multi	2
4	ない	1188	multi	2
5	いい	1091	multi	2
6	から	1062	multi	2
7	さん	1001	multi	2
8	った	915	multi	2
9	でも	757	multi	2
10	ちゃん	752	multi	3
11	して	708	multi	2
12	この	691	multi	2
13	どう	672	multi	2
14	そう	671	multi	2
15	した	633	multi	2
16	なんだ	537	multi	3
17	なん	519	multi	2
18	もう	518	multi	2
19	じゃない	504	multi	4
20	です	502	multi	2
21	そんな	466	multi	3
22	それ	464	multi	2
23	あの	454	multi	2
24	その	436	multi	2
25	のか	431	multi	2
26	ちょっと	415	multi	4
27	これ	392	multi	2
28	だから	389	multi	3
29	いた	386	multi	2
30	こと	383	multi	2
31	する	381	multi	2
32	いつ	381	multi	2
33	いや	375	multi	2
34	いて	366	multi	2
35	だった	336	multi	3
36	けど	333	multi	2
37	っと	331	multi	2
38	また	327	multi	2
39	かった	321	multi	3
40	ちゃ	318	multi	2
41	ってる	315	multi	3
42	んな	312	multi	2
43	さい	306	multi	2
44	には	294	multi	2
45	かな	294	multi	2
46	しい	292	multi	2
47	ここ	290	multi	2
48	こんな	286	multi	3
49	だって	284	multi	3
50	なの	274	multi	2
51	なんて	271	multi	3
52	まだ	270	multi	2
53	あれ	265	multi	2
54	なら	257	multi	2
55	んで	247	multi	2
56	っち	245	multi	2
57	どこ	244	multi	2
58	あなた	242	multi	3
59	よう	241	multi	2
60	なかった	238	multi	4
61	もの	231	multi	2
62	たい	229	multi	2
63	やって	229	multi	3
64	だけ	227	multi	2
65	なんか	226	multi	3
66	んです	224	multi	3
67	いる	223	multi	2
68	ですか	221	multi	3
69	まで	220	multi	2
70	しか	220	multi	2
71	くん	219	multi	2
72	では	216	multi	2
73	さま	214	multi	2
74	こう	211	multi	2
75	にも	208	multi	2
76	っちゃ	207	multi	3
77	丈夫	206	multi	2
78	めて	201	multi	2
79	のは	200	multi	2
80	好き	199	multi	2
81	よく	193	multi	2
82	ます	192	multi	2
83	のに	192	multi	2
84	わたし	191	multi	3
85	それは	187	multi	3
86	ある	185	multi	2
87	けて	184	multi	2
88	くれ	182	multi	2
89	まあ	180	multi	2
90	みたい	178	multi	3
91	なんで	175	multi	3
92	れて	174	multi	2
93	しく	172	multi	2
94	ただ	172	multi	2
95	これは	170	multi	3
96	おい	165	multi	2
97	言って	161	multi	3
98	よね	161	multi	2
99	とか	159	multi	2
100	ント	155	multi	2
101	早く	153	multi	2
102	ろう	150	multi	2
103	きた	149	multi	2
104	先生	149	multi	2
105	にな	148	multi	2
106	ください	148	multi	4
107	ません	147	multi	3
108	みんな	146	multi	3
109	ですよ	146	multi	3
110	そうだ	144	multi	3
111	今日	143	multi	2
112	アイ	143	multi	2
113	とは	141	multi	2
114	しない	136	multi	3
115	いま	135	multi	2
116	いった	135	multi	3
117	えて	135	multi	2
118	行く	133	multi	2
119	私は	132	multi	2
120	がある	131	multi	3
121	ねぇ	130	multi	2
122	悪い	130	multi	2
123	してる	129	multi	3
124	何か	128	multi	2
125	かい	128	multi	2
126	のお	128	multi	2
127	来た	127	multi	2
128	てる	127	multi	2
129	ですね	127	multi	3
130	あげ	127	multi	2
131	える	127	multi	2
132	します	126	multi	3
133	よかった	124	multi	4
134	だろう	123	multi	3
135	そこ	122	multi	2
136	のだ	122	multi	2
137	だけど	122	multi	3
138	しな	121	multi	2
139	ったら	121	multi	3
140	ました	118	multi	3
141	やっぱり	118	multi	4
142	たら	118	multi	2
143	つか	118	multi	2
144	なる	118	multi	2
145	れた	115	multi	2
146	より	115	multi	2
147	すごい	114	multi	3
148	れる	114	multi	2
149	わか	113	multi	2
150	いか	113	multi	2
151	わけ	112	multi	2
152	ける	111	multi	2
153	もっと	111	multi	3
154	いない	111	multi	3
155	になる	111	multi	3
156	おか	111	multi	2
157	いく	110	multi	2
158	っき	109	multi	2
159	しゃ	109	multi	2
160	たち	108	multi	2
161	せて	108	multi	2
162	ール	107	multi	2
163	くる	107	multi	2
164	見て	106	multi	2
165	とも	106	multi	2
166	のこと	105	multi	3
167	言う	104	multi	2
168	なく	104	multi	2
169	ダメ	104	multi	2
170	あった	103	multi	3
171	んじゃない	102	multi	5
172	それが	102	multi	3
173	まい	101	multi	2
174	学校	101	multi	2
175	なくて	100	multi	3
176	しま	100	multi	2
177	いで	98	multi	2
178	いつも	98	multi	3
179	そして	97	multi	3
180	かない	96	multi	3
181	れば	96	multi	2
182	の人	96	multi	2
183	してくれ	95	multi	4
184	こん	95	multi	2
185	わり	94	multi	2
186	時間	94	multi	2
187	本当に	94	multi	3
188	ちょ	93	multi	2
189	らしい	93	multi	3
190	きて	93	multi	2
191	私の	92	multi	2
192	こそ	92	multi	2
193	らない	92	multi	3
194	まま	91	multi	2
195	にして	91	multi	3
196	しよう	91	multi	3
197	したら	90	multi	3
198	今日は	90	multi	3
199	ット	89	multi	2
200	んだけど	87	multi	4
201	考え	87	multi	2
202	あと	87	multi	2
203	くな	87	multi	2
204	ずっと	86	multi	3
205	食べ	86	multi	2
206	あり	85	multi	2
207	信じ	85	multi	2
208	われ	84	multi	2
209	でしょう	84	multi	4
210	ちは	84	multi	2
211	聞いて	84	multi	3
212	になって	83	multi	4
213	気が	83	multi	2
214	お願い	82	multi	3
215	ほど	82	multi	2
216	出て	81	multi	2
217	えた	81	multi	2
218	という	80	multi	3
219	だが	80	multi	2
220	ことは	80	multi	3
221	しっ	80	multi	2
222	と思って	79	multi	4
223	少し	79	multi	2
224	がない	79	multi	3
225	かも	79	multi	2
226	人の	79	multi	2
227	そういう	79	multi	4
228	違う	78	multi	2
229	っている	78	multi	4
230	ート	77	multi	2
231	っこ	77	multi	2
232	ック	77	multi	2
233	これから	77	multi	4
234	ところ	77	multi	3
235	きっと	77	multi	3
236	行って	77	multi	3
237	人は	77	multi	2
238	わない	77	multi	3
239	もし	76	multi	2
240	本当	76	multi	2
241	いう	76	multi	2
242	シャ	76	multi	2
243	さんの	76	multi	3
244	にお	76	multi	2
245	なぁ	76	multi	2
246	なぜ	76	multi	2
247	まって	75	multi	3
248	はず	75	multi	2
249	ありが	75	multi	3
250	ありがとう	75	multi	5
251	来る	74	multi	2
252	見た	74	multi	2
253	ても	74	multi	2
254	うち	74	multi	2
255	これが	73	multi	3
256	つもり	73	multi	3
257	のが	73	multi	2
258	られた	72	multi	3
259	でした	72	multi	3
260	つけ	71	multi	2
261	ちゃんと	71	multi	4
262	せい	71	multi	2
263	キャ	71	multi	2
264	下さい	70	multi	3
265	すぐ	70	multi	2
266	さんが	70	multi	3
267	られ	70	multi	2
268	まる	70	multi	2
269	一人	70	multi	2
270	とう	70	multi	2
271	ひと	70	multi	2
272	言った	70	multi	3
273	ひとり	69	multi	3
274	明日	69	multi	2
275	おり	68	multi	2
276	私が	68	multi	2
277	それに	68	multi	3
278	になった	68	multi	4
279	ょう	68	multi	2
280	できる	67	multi	3
281	はない	67	multi	3
282	いけ	67	multi	2
283	とき	67	multi	2
284	かり	67	multi	2
285	ことを	67	multi	3
286	さんは	66	multi	3
287	ると	65	multi	2
288	パパ	65	multi	2
289	たく	65	multi	2
290	来て	64	multi	2
291	ライ	64	multi	2
292	えない	64	multi	3
293	られる	64	multi	3
294	かけ	64	multi	2
295	ード	63	multi	2
296	でき	63	multi	2
297	と思う	63	multi	3
298	コレ	63	multi	2
299	クリ	62	multi	2
300	ディ	62	multi	2
301	まったく	62	multi	4
302	います	62	multi	3
303	わかる	61	multi	3
304	まった	61	multi	3
305	はどう	61	multi	3
306	しっかり	61	multi	4
307	えば	61	multi	2
308	まり	61	multi	2
309	それで	61	multi	3
310	つき	60	multi	2
311	くて	60	multi	2
312	ハイ	60	multi	2
313	くらい	59	multi	3
314	わかり	59	multi	3
315	しょう	59	multi	3
316	知らない	59	multi	4
317	ップ	58	multi	2
318	のです	58	multi	3
319	らい	58	multi	2
320	スト	58	multi	2
321	カン	58	multi	2
322	まさ	58	multi	2
323	あなたの	58	multi	4
324	かもしれない	57	multi	6
325	やっぱ	57	multi	3
326	なのに	57	multi	3
327	なんです	57	multi	4
328	ではない	57	multi	4
329	気に	57	multi	2
330	落ち	57	multi	2
331	ってきた	57	multi	4
332	しました	56	multi	4
333	てくれ	56	multi	3
334	ため	56	multi	2
335	まず	56	multi	2
336	める	56	multi	2
337	すぎ	55	multi	2
338	しかし	55	multi	3
339	いません	55	multi	4
340	帰り	55	multi	2
341	何も	55	multi	2
342	宇宙	55	multi	2
343	があ	54	multi	2
344	人が	54	multi	2
345	よい	54	multi	2
346	として	54	multi	3
347	ひとつ	54	multi	3
348	一緒に	54	multi	3
349	もら	54	multi	2
350	気持ち	54	multi	3
351	られない	54	multi	4
352	どういう	53	multi	4
353	ってくれ	53	multi	4
354	つい	53	multi	2
355	なり	53	multi	2
356	やり	53	multi	2
357	できない	53	multi	4
358	たり	52	multi	2
359	マン	52	multi	2
360	だと	52	multi	2
361	を見	52	multi	2
362	前に	52	multi	2
363	に行	52	multi	2
364	とい	52	multi	2
365	ーン	51	multi	2
366	ませ	51	multi	2
367	とにかく	51	multi	4
368	ましょう	51	multi	4
369	自分	51	multi	2
370	チャ	51	multi	2
371	ります	50	multi	3
372	入れ	50	multi	2
373	ース	50	multi	2
374	ほう	50	multi	2
375	思い	50	multi	2
376	イト	49	multi	2
377	セン	49	multi	2
378	イン	49	multi	2
379	今の	49	multi	2
380	だし	49	multi	2
381	見え	49	multi	2
382	地球	49	multi	2
383	私も	49	multi	2
384	自分の	49	multi	3
385	ここで	49	multi	3
386	の中	49	multi	2
387	コン	48	multi	2
388	追	48	kanji1	1
389	によ	48	multi	2
390	きます	48	multi	3
391	げる	48	multi	2
392	声	48	kanji1	1
393	貴	48	kanji1	1
394	員	48	kanji1	1
395	選	48	kanji1	1
396	サイ	48	multi	2
397	春	48	kanji1	1
398	なお	48	multi	2
399	由	48	kanji1	1
400	持	47	kanji1	1
401	予	47	kanji1	1
402	ママ	47	multi	2
403	はじめ	47	multi	3
404	数	47	kanji1	1
405	大事	47	multi	2
406	しても	47	multi	3
407	三	47	kanji1	1
408	伝	47	kanji1	1
409	練	47	kanji1	1
410	桃	47	kanji1	1
411	我	46	kanji1	1
412	せる	46	multi	2
413	国	46	kanji1	1
414	二人	46	multi	2
415	めた	46	multi	2
416	負け	46	multi	2
417	初めて	45	multi	3
418	離	45	kanji1	1
419	安心	45	multi	2
420	の方	45	multi	2
421	のも	45	multi	2
422	持って	45	multi	3
423	解	45	kanji1	1
424	聞いた	45	multi	3
425	羅	45	kanji1	1
426	師	45	kanji1	1
427	同じ	45	multi	2
428	飛	45	kanji1	1
429	昔	45	kanji1	1
430	回	45	kanji1	1
431	幸せ	45	multi	2
432	困	45	kanji1	1
433	と思った	45	multi	4
434	赤	45	kanji1	1
435	きました	45	multi	4
436	教えて	45	multi	3
437	電話	44	multi	2
438	いち	44	multi	2
439	どんな	44	multi	3
440	然	44	kanji1	1
441	恐	44	kanji1	1
442	早	44	kanji1	1
443	呼	44	kanji1	1
444	させて	44	multi	3
445	実は	44	multi	2
446	ロー	44	multi	2
447	最近	44	multi	2
448	つく	44	multi	2
449	勉	44	kanji1	1
450	れない	43	multi	3
451	さて	43	multi	2
452	なんと	43	multi	3
453	もらう	43	multi	3
454	社	43	kanji1	1
455	邪	43	kanji1	1
456	音	43	kanji1	1
457	したい	43	multi	3
458	だったら	43	multi	4
459	みて	43	multi	2
460	番	43	kanji1	1
461	気づ	43	multi	2
462	女の子	43	multi	3
463	できた	43	multi	3
464	芹	43	kanji1	1
465	城	43	kanji1	1
466	萌	43	kanji1	1
467	ように	42	multi	3
468	すぎる	42	multi	3
469	見える	42	multi	3
470	もない	42	multi	3
471	に入	42	multi	2
472	甘	42	kanji1	1
473	ないと	42	multi	3
474	言い	42	multi	2
475	いらっしゃ	42	multi	5
476	世界	42	multi	2
477	代	42	kanji1	1
478	馬	42	kanji1	1
479	モン	42	multi	2
480	学	42	kanji1	1
481	行き	42	multi	2
482	光	42	kanji1	1
483	ような	42	multi	3
484	ことが	42	multi	3
485	とり	42	multi	2
486	好きな	42	multi	3
487	っていた	42	multi	4
488	わかって	42	multi	4
489	まぁ	42	multi	2
490	止	41	kanji1	1
491	など	41	multi	2
492	ほしい	41	multi	3
493	新	41	kanji1	1
494	あたり	41	multi	3
495	谷	41	kanji1	1
496	リー	40	multi	2
497	船	40	kanji1	1
498	があった	40	multi	4
499	感	40	kanji1	1
500	運	40	kanji1	1
501	重	40	kanji1	1
502	パン	40	multi	2
503	され	40	multi	2
504	張	40	kanji1	1
505	待ち	40	multi	2
506	通り	40	multi	2
507	優	40	kanji1	1
508	久しぶり	40	multi	4
509	やら	40	multi	2
510	売	40	kanji1	1
511	眠	40	kanji1	1
512	関	40	kanji1	1
513	イヤ	40	multi	2
514	守	40	kanji1	1
515	思う	40	multi	2
516	思い出	40	multi	3
517	文	40	kanji1	1
518	ありません	40	multi	5
519	生まれ	40	multi	3
520	サン	40	multi	2
521	化	39	kanji1	1
522	考えて	39	multi	3
523	すごく	39	multi	3
524	近	39	kanji1	1
525	かけて	39	multi	3
526	ほうが	39	multi	3
527	坊	39	kanji1	1
528	なのか	39	multi	3
529	どれ	39	multi	2
530	ってくる	39	multi	4
531	火	39	kanji1	1
532	ここまで	39	multi	4
533	博士	39	multi	2
534	ばかり	39	multi	3
535	都	39	kanji1	1
536	院	39	kanji1	1
537	トラ	39	multi	2
538	捨て	39	multi	2
539	軍	38	kanji1	1
540	バイ	38	multi	2
541	可	38	kanji1	1
542	シュ	38	multi	2
543	っていう	38	multi	4
544	起	38	kanji1	1
545	苦	38	kanji1	1
546	ること	38	multi	3
547	飲	38	kanji1	1
548	んだろう	38	multi	4
549	レー	38	multi	2
550	ございます	38	multi	5
551	始	38	kanji1	1
552	一体	38	multi	2
553	なのだ	38	multi	3
554	強い	38	multi	2
555	んですよ	38	multi	4
556	全部	38	multi	2
557	王子	38	multi	2
558	こちら	37	multi	3
559	放	37	kanji1	1
560	降	37	kanji1	1
561	ッチ	37	multi	2
562	っきり	37	multi	3
563	であ	37	multi	2
564	忘れ	37	multi	2
565	法	37	kanji1	1
566	倒	37	kanji1	1
567	最後	37	multi	2
568	らず	37	multi	2
569	弱	37	kanji1	1
570	っぱ	37	multi	2
571	念	37	kanji1	1
572	チョ	37	multi	2
573	作	37	kanji1	1
574	東	37	kanji1	1
575	いら	37	multi	2
576	ボール	37	multi	3
577	ところで	37	multi	4
578	間に	37	multi	2
579	石	37	kanji1	1
580	そうです	37	multi	4
581	取り	37	multi	2
582	てい	36	multi	2
583	冷	36	kanji1	1
584	少年	36	multi	2
585	座	36	kanji1	1
586	殿	36	kanji1	1
587	役	36	kanji1	1
588	川	36	kanji1	1
589	五	36	kanji1	1
590	キー	36	multi	2
591	使い	36	multi	2
592	エル	36	multi	2
593	楽しい	36	multi	3
594	奥	36	kanji1	1
595	もちろん	36	multi	4
596	生き	36	multi	2
597	言われ	36	multi	3
598	しかも	36	multi	3
599	みな	36	multi	2
600	問題	36	multi	2
601	葵	36	kanji1	1
602	それを	35	multi	3
603	はじ	35	multi	2
604	やはり	35	multi	3
605	助け	35	multi	2
606	もいい	35	multi	3
607	さんに	35	multi	3
608	まれ	35	multi	2
609	怖	35	kanji1	1
610	主	35	kanji1	1
611	打ち	35	multi	2
612	取	35	kanji1	1
613	一番	35	multi	2
614	吉	35	kanji1	1
615	乗	35	kanji1	1
616	つつ	35	multi	2
617	すご	35	multi	2
618	円	35	kanji1	1
619	息	35	kanji1	1
620	意味	35	multi	2
621	写	35	kanji1	1
622	引き	35	multi	2
623	なか	35	multi	2
624	官	35	kanji1	1
625	感じ	35	multi	2
626	宝	35	kanji1	1
627	された	35	multi	3
628	御	35	kanji1	1
629	メン	35	multi	2
630	変わ	35	multi	2
631	とに	34	multi	2
632	いくら	34	multi	3
633	すれば	34	multi	3
634	記	34	kanji1	1
635	理由	34	multi	2
636	服	34	kanji1	1
637	色	34	kanji1	1
638	になり	34	multi	3
639	歳	34	kanji1	1
640	良かった	34	multi	4
641	最初	34	multi	2
642	係	34	kanji1	1
643	料理	34	multi	2
644	るのは	34	multi	3
645	そこに	34	multi	3
646	とな	34	multi	2
647	わからない	34	multi	5
648	前の	34	multi	2
649	退	34	kanji1	1
650	英	34	kanji1	1
651	聞き	34	multi	2
652	りました	33	multi	4
653	ガン	33	multi	2
654	させ	33	multi	2
655	質	33	kanji1	1
656	我々	33	multi	2
657	計	33	kanji1	1
658	に行く	33	multi	3
659	願	33	kanji1	1
660	刀	33	kanji1	1
661	とりあえず	33	multi	5
662	余	33	kanji1	1
663	王	33	kanji1	1
664	渡	33	kanji1	1
665	そうな	33	multi	3
666	休み	33	multi	2
667	雨	33	kanji1	1
668	悟	33	kanji1	1
669	ので	33	multi	2
670	婆	33	kanji1	1
671	出して	32	multi	3
672	方が	32	multi	2
673	速	32	kanji1	1
674	語	32	kanji1	1
675	曜	32	kanji1	1
676	血	32	kanji1	1
677	室	32	kanji1	1
678	草	32	kanji1	1
679	出す	32	multi	2
680	海	32	kanji1	1
681	弁	32	kanji1	1
682	議	32	kanji1	1
683	夏	32	kanji1	1
684	くなって	32	multi	4
685	園	32	kanji1	1
686	アン	32	multi	2
687	四	32	kanji1	1
688	鐵	32	kanji1	1
689	状	31	kanji1	1
690	やす	31	multi	2
691	望	31	kanji1	1
692	納	31	kanji1	1
693	遊び	31	multi	2
694	猫	31	kanji1	1
695	面	31	kanji1	1
696	違	31	kanji1	1
697	遊	31	kanji1	1
698	昨日	31	multi	2
699	かる	31	multi	2
700	わた	31	multi	2
701	調	31	kanji1	1
702	新しい	31	multi	3
703	流	31	kanji1	1
704	送	31	kanji1	1
705	仁	31	kanji1	1
706	なし	30	multi	2
707	冗	30	kanji1	1
708	は何	30	multi	2
709	事故	30	multi	2
710	とって	30	multi	3
711	夫	30	kanji1	1
712	とても	30	multi	3
713	当然	30	multi	2
714	影	30	kanji1	1
715	でお	30	multi	2
716	術	30	kanji1	1
717	ている	30	multi	3
718	性	30	kanji1	1
719	大き	30	multi	2
720	なかなか	30	multi	4
721	週	30	kanji1	1
722	事を	30	multi	2
723	悲	30	kanji1	1
724	街	30	kanji1	1
725	病	30	kanji1	1
726	的	30	kanji1	1
727	ゆっくり	30	multi	4
728	きれい	30	multi	3
729	いました	30	multi	4
730	鳥	30	kanji1	1
731	している	30	multi	4
732	まして	30	multi	3
733	自分で	29	multi	3
734	日本	29	multi	2
735	だけで	29	multi	3
736	ーム	29	multi	2
737	ですから	29	multi	4
738	静	29	kanji1	1
739	腹	29	kanji1	1
740	井	29	kanji1	1
741	想	29	kanji1	1
742	紙	29	kanji1	1
743	断	29	kanji1	1
744	さえ	29	multi	2
745	しさ	29	multi	2
746	裏	29	kanji1	1
747	犯	29	kanji1	1
748	姿	29	kanji1	1
749	敵	29	kanji1	1
750	式	29	kanji1	1
751	一度	29	multi	2
752	最	29	kanji1	1
753	今は	29	multi	2
754	付	29	kanji1	1
755	っくり	29	multi	3
756	他	29	kanji1	1
757	同	29	kanji1	1
758	もらった	29	multi	4
759	プロ	29	multi	2
760	読	29	kanji1	1
761	今まで	29	multi	3
762	傷	29	kanji1	1
763	徹	29	kanji1	1
764	うまく	29	multi	3
765	いっぱい	29	multi	4
766	隊	29	kanji1	1
767	ですが	29	multi	3
768	ヴァ	29	multi	2
769	ファ	28	multi	2
770	ラン	28	multi	2
771	成	28	kanji1	1
772	おそ	28	multi	2
773	飲み	28	multi	2
774	必要	28	multi	2
775	モノ	28	multi	2
776	義	28	kanji1	1
777	迷	28	kanji1	1
778	みたいな	28	multi	4
779	さら	28	multi	2
780	ショ	28	multi	2
781	迷惑	28	multi	2
782	をお	28	multi	2
783	食べて	28	multi	3
784	される	28	multi	3
785	パイ	28	multi	2
786	徒	28	kanji1	1
787	早い	28	multi	2
788	これを	28	multi	3
789	立ち	28	multi	2
790	をして	28	multi	3
791	将	28	kanji1	1
792	腕	28	kanji1	1
793	打	28	kanji1	1
794	新聞	28	multi	2
795	ギャ	27	multi	2
796	のために	27	multi	4
797	と思	27	multi	2
798	夕	27	kanji1	1
799	点	27	kanji1	1
800	に出	27	multi	2
801	怪	27	kanji1	1
802	曲	27	kanji1	1
803	フォ	27	multi	2
804	寒	27	kanji1	1
805	起き	27	multi	2
806	ったり	27	multi	3
807	につ	27	multi	2
808	おいしい	27	multi	4
809	盛	27	kanji1	1
810	してくれる	27	multi	5
811	女子	27	multi	2
812	客	27	kanji1	1
813	てくれた	27	multi	4
814	浩	27	kanji1	1
815	冬	27	kanji1	1
816	テスト	26	multi	3
817	終	26	kanji1	1
818	限	26	kanji1	1
819	佐	26	kanji1	1
820	時は	26	multi	2
821	若	26	kanji1	1
822	合い	26	multi	2
823	久	26	kanji1	1
824	ことも	26	multi	3
825	鬼	26	kanji1	1
826	と同じ	26	multi	3
827	無い	26	multi	2
828	初	26	kanji1	1
829	武	26	kanji1	1
830	門	26	kanji1	1
831	席	26	kanji1	1
832	玉	26	kanji1	1
833	あって	26	multi	3
834	魔法	26	multi	2
835	終わり	26	multi	3
836	クラス	26	multi	3
837	課	26	kanji1	1
838	視	26	kanji1	1
839	他の	26	multi	2
840	確かに	26	multi	3
841	情	26	kanji1	1
842	集	26	kanji1	1
843	以上	26	multi	2
844	校	26	kanji1	1
845	電	26	kanji1	1
846	若い	26	multi	2
847	球	26	kanji1	1
848	授	26	kanji1	1
849	自	26	kanji1	1
850	麗	26	kanji1	1
851	源	26	kanji1	1
852	こういう	26	multi	4
853	されて	26	multi	3
854	ゲーム	26	multi	3
855	ジェ	25	multi	2
856	落	25	kanji1	1
857	にする	25	multi	3
858	歌	25	kanji1	1
859	んど	25	multi	2
860	あな	25	multi	2
861	産	25	kanji1	1
862	買	25	kanji1	1
863	テン	25	multi	2
864	バレ	25	multi	2
865	うま	25	multi	2
866	決め	25	multi	2
867	入り	25	multi	2
868	終わ	25	multi	2
869	ながら	25	multi	3
870	キレイ	25	multi	3
871	どの	25	multi	2
872	と言	25	multi	2
873	自由	25	multi	2
874	龍	25	kanji1	1
875	ジャ	25	multi	2
876	それでも	25	multi	4
877	熱	25	kanji1	1
878	哲	25	kanji1	1
879	しかない	25	multi	4
880	町	25	kanji1	1
881	ダン	25	multi	2
882	松	25	kanji1	1
883	ッド	24	multi	2
884	波	24	kanji1	1
885	界	24	kanji1	1
886	どんどん	24	multi	4
887	リン	24	multi	2
888	素	24	kanji1	1
889	美しい	24	multi	3
890	人に	24	multi	2
891	もある	24	multi	3
892	思った	24	multi	3
893	ことがある	24	multi	5
894	しましょう	24	multi	5
895	驚	24	kanji1	1
896	匹	24	kanji1	1
897	スター	24	multi	3
898	告	24	kanji1	1
899	女の	24	multi	2
900	なくな	24	multi	3
901	デート	24	multi	3
902	京	24	kanji1	1
903	大きい	24	multi	3
904	話を	24	multi	2
905	士	24	kanji1	1
906	オン	24	multi	2
907	をする	24	multi	3
908	階	24	kanji1	1
909	ために	24	multi	3
910	ワイ	24	multi	2
911	お客	24	multi	2
912	居	24	kanji1	1
913	衛	24	kanji1	1
914	まだまだ	24	multi	4
915	飯	24	kanji1	1
916	トル	24	multi	2
917	大海	24	multi	2
918	坂	24	kanji1	1
919	道士	24	multi	2
920	桐	24	kanji1	1
921	に行って	23	multi	4
922	事が	23	multi	2
923	タイ	23	multi	2
924	目の	23	multi	2
925	協	23	kanji1	1
926	警察	23	multi	2
927	酒	23	kanji1	1
928	つまり	23	multi	3
929	大人	23	multi	2
930	未来	23	multi	2
931	忙	23	kanji1	1
932	探	23	kanji1	1
933	次の	23	multi	2
934	てしまった	23	multi	5
935	すべて	23	multi	3
936	違い	23	multi	2
937	からは	23	multi	3
938	合わせ	23	multi	3
939	暑	23	kanji1	1
940	チャン	23	multi	3
941	ランス	23	multi	3
942	ピン	22	multi	2
943	ティ	22	multi	2
944	ング	22	multi	2
945	ロン	22	multi	2
946	フェ	22	multi	2
947	敗	22	kanji1	1
948	との	22	multi	2
949	見る	22	multi	2
950	半	22	kanji1	1
951	付け	22	multi	2
952	減	22	kanji1	1
953	っぽ	22	multi	2
954	ことに	22	multi	3
955	第	22	kanji1	1
956	問	22	kanji1	1
957	行った	22	multi	3
958	一緒	22	multi	2
959	根	22	kanji1	1
960	普通	22	multi	2
961	使	22	kanji1	1
962	逆	22	kanji1	1
963	器	22	kanji1	1
964	欲しい	22	multi	3
965	面白	22	multi	2
966	定	22	kanji1	1
967	寄	22	kanji1	1
968	貸	22	kanji1	1
969	カル	22	multi	2
970	輩	22	kanji1	1
971	背	22	kanji1	1
972	私たち	22	multi	3
973	好	22	kanji1	1
974	之	22	kanji1	1
975	持ち	22	multi	2
976	深	22	kanji1	1
977	ござ	22	multi	2
978	高校	22	multi	2
979	よりも	22	multi	3
980	瞳	22	kanji1	1
981	兵	22	kanji1	1
982	たくさん	22	multi	4
983	陛下	22	multi	2
984	浦	22	kanji1	1
985	極	22	kanji1	1
986	プリン	22	multi	3
987	異	21	kanji1	1
988	態	21	kanji1	1
989	ュー	21	multi	2
990	ならない	21	multi	4
991	バー	21	multi	2
992	かもしれ	21	multi	4
993	のみ	21	multi	2
994	呼び	21	multi	2
995	品	21	kanji1	1
996	について	21	multi	4
997	勢	21	kanji1	1
998	位	21	kanji1	1
999	答え	21	multi	2
1000	勇	21	kanji1	1
1001	秘密	21	multi	2
1002	情報	21	multi	2
1003	ってしまった	21	multi	6
1004	治	21	kanji1	1
1005	ンド	21	multi	2
1006	槽	21	kanji1	1
1007	すると	21	multi	3
1008	路	21	kanji1	1
1009	場合	21	multi	2
1010	閉	21	kanji1	1
1011	育	21	kanji1	1
1012	指	21	kanji1	1
1013	ことで	21	multi	3
1014	超	21	kanji1	1
1015	自信	21	multi	2
1016	科学	21	multi	2
1017	つの	21	multi	2
1018	教え	21	multi	2
1019	一年	21	multi	2
1020	起こ	21	multi	2
1021	調べ	21	multi	2
1022	られて	21	multi	3
1023	切り	21	multi	2
1024	面白い	21	multi	3
1025	知って	21	multi	3
1026	上が	21	multi	2
1027	丸	21	kanji1	1
1028	利	21	kanji1	1
1029	彬	21	kanji1	1
1030	ータ	20	multi	2
1031	移	20	kanji1	1
1032	出し	20	multi	2
1033	ター	20	multi	2
1034	土	20	kanji1	1
1035	出した	20	multi	3
1036	右	20	kanji1	1
1037	長い	20	multi	2
1038	聖	20	kanji1	1
1039	加	20	kanji1	1
1040	ありがとうございました	20	multi	11
1041	おく	20	multi	2
1042	十	20	kanji1	1
1043	印	20	kanji1	1
1044	職	20	kanji1	1
1045	しばらく	20	multi	4
1046	あります	20	multi	4
1047	参	20	kanji1	1
1048	してください	20	multi	6
1049	買って	20	multi	3
1050	くなる	20	multi	3
1051	カー	20	multi	2
1052	昼	20	kanji1	1
1053	コーヒー	20	multi	4
1054	とした	20	multi	3
1055	良	20	kanji1	1
1056	くだ	20	multi	2
1057	格	20	kanji1	1
1058	共	20	kanji1	1
1059	かける	20	multi	3
1060	洗	20	kanji1	1
1061	暗	20	kanji1	1
1062	過ぎ	20	multi	2
1063	商	20	kanji1	1
1064	裕	20	kanji1	1
1065	家族	20	multi	2
1066	タン	20	multi	2
1067	届	20	kanji1	1
1068	結構	20	multi	2
1069	角	20	kanji1	1
1070	イル	20	multi	2
1071	トイレ	20	multi	3
1072	ジュ	20	multi	2
1073	バル	19	multi	2
1074	ステ	19	multi	2
1075	脱	19	kanji1	1
1076	突	19	kanji1	1
1077	うちに	19	multi	3
1078	宿	19	kanji1	1
1079	疲	19	kanji1	1
1080	が出	19	multi	2
1081	止め	19	multi	2
1082	一つ	19	multi	2
1083	者は	19	multi	2
1084	動き	19	multi	2
1085	魂	19	kanji1	1
1086	舞	19	kanji1	1
1087	種	19	kanji1	1
1088	判	19	kanji1	1
1089	画	19	kanji1	1
1090	カラ	19	multi	2
1091	嫁	19	kanji1	1
1092	線	19	kanji1	1
1093	永遠	19	multi	2
1094	があって	19	multi	4
1095	を見て	19	multi	3
1096	雪	19	kanji1	1
1097	教室	19	multi	2
1098	押	19	kanji1	1
1099	そこで	19	multi	3
1100	にとって	19	multi	4
1101	技	19	kanji1	1
1102	かれ	19	multi	2
1103	ずに	19	multi	2
1104	伊	19	kanji1	1
1105	吹	19	kanji1	1
1106	日の	19	multi	2
1107	ぶり	19	multi	2
1108	片	19	kanji1	1
1109	補	19	kanji1	1
1110	雁	19	kanji1	1
1111	皆	19	kanji1	1
1112	乃	19	kanji1	1
1113	抜	18	kanji1	1
1114	陸	18	kanji1	1
1115	たくない	18	multi	4
1116	警	18	kanji1	1
1117	封	18	kanji1	1
1118	ハン	18	multi	2
1119	向	18	kanji1	1
1120	はある	18	multi	3
1121	ブル	18	multi	2
1122	最高	18	multi	2
1123	そうで	18	multi	3
1124	的に	18	multi	2
1125	もらえ	18	multi	3
1126	女性	18	multi	2
1127	案	18	kanji1	1
1128	んですね	18	multi	4
1129	館	18	kanji1	1
1130	ぐらい	18	multi	3
1131	捕	18	kanji1	1
1132	落ち着	18	multi	3
1133	出来	18	multi	2
1134	秀	18	kanji1	1
1135	六	18	kanji1	1
1136	なので	18	multi	3
1137	条件	18	multi	2
1138	寺	18	kanji1	1
1139	そのまま	18	multi	4
1140	住	18	kanji1	1
1141	良く	18	multi	2
1142	教	18	kanji1	1
1143	ープ	18	multi	2
1144	レス	18	multi	2
1145	楽しみ	18	multi	3
1146	ナイ	18	multi	2
1147	翌	18	kanji1	1
1148	目的	18	multi	2
1149	疲れ	18	multi	2
1150	クロ	18	multi	2
1151	人生	18	multi	2
1152	ージ	18	multi	2
1153	んじゃないか	18	multi	6
1154	ころ	18	multi	2
1155	ものは	18	multi	3
1156	虫	18	kanji1	1
1157	況	18	kanji1	1
1158	確か	18	multi	2
1159	憶	18	kanji1	1
1160	ありがとうございます	18	multi	10
1161	乱	18	kanji1	1
1162	であった	18	multi	4
1163	突然	18	multi	2
1164	特に	18	multi	2
1165	読んで	18	multi	3
1166	胸	18	kanji1	1
1167	感謝	18	multi	2
1168	難	18	kanji1	1
1169	耳	18	kanji1	1
1170	旅行	18	multi	2
1171	わず	18	multi	2
1172	ワー	18	multi	2
1173	妹	18	kanji1	1
1174	大学	18	multi	2
1175	買い	17	multi	2
1176	準備	17	multi	2
1177	完全	17	multi	2
1178	作った	17	multi	3
1179	どちら	17	multi	3
1180	をつけ	17	multi	3
1181	かなり	17	multi	3
1182	少	17	kanji1	1
1183	屈	17	kanji1	1
1184	題	17	kanji1	1
1185	したこと	17	multi	4
1186	必ず	17	multi	2
1187	北	17	kanji1	1
1188	いている	17	multi	4
1189	お金	17	multi	2
1190	バン	17	multi	2
1191	にある	17	multi	3
1192	多い	17	multi	2
1193	程	17	kanji1	1
1194	ラー	17	multi	2
1195	小さい	17	multi	3
1196	不安	17	multi	2
1197	マー	17	multi	2
1198	である	17	multi	3
1199	パー	17	multi	2
1200	ッシュ	17	multi	3
1201	悩	17	kanji1	1
1202	上げ	17	multi	2
1203	高い	17	multi	2
1204	活	17	kanji1	1
1205	組	17	kanji1	1
1206	不幸	17	multi	2
1207	鏡	17	kanji1	1
1208	自分が	17	multi	3
1209	投	17	kanji1	1
1210	いたら	17	multi	3
1211	際	17	kanji1	1
1212	くなった	17	multi	4
1213	への	17	multi	2
1214	となり	17	multi	3
1215	みなさん	17	multi	4
1216	保	17	kanji1	1
1217	バス	17	multi	2
1218	合う	17	multi	2
1219	リア	17	multi	2
1220	とっても	17	multi	4
1221	越	17	kanji1	1
1222	家の	17	multi	2
1223	国王	17	multi	2
1224	八	17	kanji1	1
1225	朗	17	kanji1	1
1226	津	17	kanji1	1
1227	耶	17	kanji1	1
1228	庸	17	kanji1	1
1229	フラ	16	multi	2
1230	フィ	16	multi	2
1231	ーシ	16	multi	2
1232	今回は	16	multi	3
1233	大きな	16	multi	3
1234	書き	16	multi	2
1235	方は	16	multi	2
1236	狩	16	kanji1	1
1237	になれ	16	multi	3
1238	けば	16	multi	2
1239	つな	16	multi	2
1240	破	16	kanji1	1
1241	スポーツ	16	multi	4
1242	暴	16	kanji1	1
1243	受け	16	multi	2
1244	存在	16	multi	2
1245	ゴール	16	multi	3
1246	パワー	16	multi	3
1247	左	16	kanji1	1
1248	なくなる	16	multi	4
1249	バラ	16	multi	2
1250	務	16	kanji1	1
1251	なくなった	16	multi	5
1252	荷	16	kanji1	1
1253	便	16	kanji1	1
1254	有	16	kanji1	1
1255	玄	16	kanji1	1
1256	泳	16	kanji1	1
1257	答	16	kanji1	1
1258	いただ	16	multi	3
1259	変わり	16	multi	3
1260	介	16	kanji1	1
1261	やすい	16	multi	3
1262	妻	16	kanji1	1
1263	いろいろ	16	multi	4
1264	庭	16	kanji1	1
1265	輪	16	kanji1	1
1266	あまり	16	multi	3
1267	寮	16	kanji1	1
1268	一生	16	multi	2
1269	スキ	16	multi	2
1270	天使	16	multi	2
1271	申	16	kanji1	1
1272	難しい	16	multi	3
1273	増	16	kanji1	1
1274	安	16	kanji1	1
1275	くださ	16	multi	3
1276	甲	16	kanji1	1
1277	碧	16	kanji1	1
1278	なければ	15	multi	4
1279	ション	15	multi	3
1280	シー	15	multi	2
1281	焼	15	kanji1	1
1282	パス	15	multi	2
1283	んですけど	15	multi	5
1284	でしょうね	15	multi	5
1285	学生	15	multi	2
1286	意外	15	multi	2
1287	ませんでした	15	multi	6
1288	でしょうか	15	multi	5
1289	泊	15	kanji1	1
1290	感情	15	multi	2
1291	聞く	15	multi	2
1292	我が	15	multi	2
1293	追い	15	multi	2
1294	旅	15	kanji1	1
1295	級	15	kanji1	1
1296	段	15	kanji1	1
1297	イス	15	multi	2
1298	受	15	kanji1	1
1299	食べる	15	multi	3
1300	ウン	15	multi	2
1301	てくれる	15	multi	4
1302	連れ	15	multi	2
1303	ちょうど	15	multi	4
1304	穴	15	kanji1	1
1305	始め	15	multi	2
1306	終わった	15	multi	4
1307	燃	15	kanji1	1
1308	人も	15	multi	2
1309	匠	15	kanji1	1
1310	させる	15	multi	3
1311	恋人	15	multi	2
1312	プレゼント	15	multi	5
1313	アニ	15	multi	2
1314	再	15	kanji1	1
1315	百	15	kanji1	1
1316	飛び	15	multi	2
1317	皆さん	15	multi	3
1318	特	15	kanji1	1
1319	原因	15	multi	2
1320	句	15	kanji1	1
1321	横	15	kanji1	1
1322	端	15	kanji1	1
1323	らせ	15	multi	2
1324	なくても	15	multi	4
1325	時の	15	multi	2
1326	照	15	kanji1	1
1327	杏	15	kanji1	1
1328	清水	15	multi	2
1329	置	14	kanji1	1
1330	触	14	kanji1	1
1331	上の	14	multi	2
1332	滅	14	kanji1	1
1333	側	14	kanji1	1
1334	命令	14	multi	2
1335	借り	14	multi	2
1336	切れ	14	multi	2
1337	抱	14	kanji1	1
1338	時代	14	multi	2
1339	婦	14	kanji1	1
1340	のような	14	multi	4
1341	テレビ	14	multi	3
1342	堂	14	kanji1	1
1343	カリ	14	multi	2
1344	占	14	kanji1	1
1345	丘	14	kanji1	1
1346	完	14	kanji1	1
1347	羽	14	kanji1	1
1348	ワン	14	multi	2
1349	動物	14	multi	2
1350	故	14	kanji1	1
1351	者が	14	multi	2
1352	浅	14	kanji1	1
1353	ときは	14	multi	3
1354	大会	14	multi	2
1355	鹿	14	kanji1	1
1356	流れ	14	multi	2
1357	変わって	14	multi	4
1358	芸	14	kanji1	1
1359	シン	14	multi	2
1360	歩いて	14	multi	3
1361	どころ	14	multi	3
1362	更	14	kanji1	1
1363	中に	14	multi	2
1364	崎	14	kanji1	1
1365	成功	14	multi	2
1366	していた	14	multi	4
1367	くり	14	multi	2
1368	掃	14	kanji1	1
1369	方法	14	multi	2
1370	もち	14	multi	2
1371	絡	14	kanji1	1
1372	号	14	kanji1	1
1373	ならば	14	multi	3
1374	ボー	14	multi	2
1375	末	14	kanji1	1
1376	弟	14	kanji1	1
1377	奇	14	kanji1	1
1378	老	14	kanji1	1
1379	ペン	14	multi	2
1380	悔	14	kanji1	1
1381	てきた	14	multi	3
1382	性格	14	multi	2
1383	首	14	kanji1	1
1384	の中で	14	multi	3
1385	になります	14	multi	5
1386	以外	14	multi	2
1387	サービス	14	multi	4
1388	ってきて	14	multi	4
1389	督	14	kanji1	1
1390	ですよね	14	multi	4
1391	彼ら	14	multi	2
1392	トン	13	multi	2
1393	エン	13	multi	2
1394	データ	13	multi	3
1395	込み	13	multi	2
1396	年前	13	multi	2
1397	第一	13	multi	2
1398	美人	13	multi	2
1399	の中に	13	multi	3
1400	独	13	kanji1	1
1401	他人	13	multi	2
1402	のある	13	multi	3
1403	引	13	kanji1	1
1404	ていた	13	multi	3
1405	ものが	13	multi	3
1406	目に	13	multi	2
1407	キン	13	multi	2
1408	運動	13	multi	2
1409	全く	13	multi	2
1410	械	13	kanji1	1
1411	編	13	kanji1	1
1412	ョン	13	multi	2
1413	お互い	13	multi	3
1414	離れ	13	multi	2
1415	細	13	kanji1	1
1416	今年	13	multi	2
1417	一日	13	multi	2
1418	遺	13	kanji1	1
1419	十分	13	multi	2
1420	人たち	13	multi	3
1421	に戻	13	multi	2
1422	除	13	kanji1	1
1423	梅	13	kanji1	1
1424	卒	13	kanji1	1
1425	鼻	13	kanji1	1
1426	こんにちは	13	multi	5
1427	登	13	kanji1	1
1428	払	13	kanji1	1
1429	時に	13	multi	2
1430	跡	13	kanji1	1
1431	にく	13	multi	2
1432	きれ	13	multi	2
1433	存	13	kanji1	1
1434	純	13	kanji1	1
1435	われる	13	multi	3
1436	しまい	13	multi	3
1437	中の	13	multi	2
1438	になりました	13	multi	6
1439	秋	13	kanji1	1
1440	すること	13	multi	4
1441	クリーム	13	multi	4
1442	記事	13	multi	2
1443	らく	13	multi	2
1444	監	13	kanji1	1
1445	行動	13	multi	2
1446	嘘	13	kanji1	1
1447	湯	13	kanji1	1
1448	寿	13	kanji1	1
1449	帝	13	kanji1	1
1450	確認	12	multi	2
1451	続	12	kanji1	1
1452	新人	12	multi	2
1453	差	12	kanji1	1
1454	肉	12	kanji1	1
1455	サー	12	multi	2
1456	翼	12	kanji1	1
1457	してきた	12	multi	4
1458	大切	12	multi	2
1459	のように	12	multi	4
1460	全て	12	multi	2
1461	当て	12	multi	2
1462	小さな	12	multi	3
1463	忍	12	kanji1	1
1464	者の	12	multi	2
1465	と言って	12	multi	4
1466	能	12	kanji1	1
1467	中学	12	multi	2
1468	レン	12	multi	2
1469	映	12	kanji1	1
1470	小さ	12	multi	2
1471	ケーキ	12	multi	3
1472	臭	12	kanji1	1
1473	ミュ	12	multi	2
1474	てしまう	12	multi	4
1475	マイ	12	multi	2
1476	信	12	kanji1	1
1477	撮	12	kanji1	1
1478	ものを	12	multi	3
1479	すぐに	12	multi	3
1480	特別	12	multi	2
1481	作り	12	multi	2
1482	体育	12	multi	2
1483	いず	12	multi	2
1484	琴	12	kanji1	1
1485	紀	12	kanji1	1
1486	おかげ	12	multi	3
1487	自然	12	multi	2
1488	結果	12	multi	2
1489	だと思う	12	multi	4
1490	公	12	kanji1	1
1491	例	12	kanji1	1
1492	ジャン	12	multi	3
1493	亡	12	kanji1	1
1494	責任	12	multi	2
1495	嬉しい	12	multi	3
1496	ないように	12	multi	5
1497	契	12	kanji1	1
1498	ケット	12	multi	3
1499	もちろ	12	multi	3
1500	派	12	kanji1	1
1501	救	12	kanji1	1
1502	盲	12	kanji1	1
1503	申し	12	multi	2
1504	乳	12	kanji1	1
1505	理解	12	multi	2
1506	現在	12	multi	2
1507	袋	12	kanji1	1
1508	量	12	kanji1	1
1509	椿	12	kanji1	1
1510	の方が	12	multi	3
1511	充分	12	multi	2
1512	牛	12	kanji1	1
1513	杠	12	kanji1	1
1514	できて	12	multi	3
1515	蘭	12	kanji1	1
1516	沙	12	kanji1	1
1517	のご	12	multi	2
1518	氏	12	kanji1	1
1519	からの	12	multi	3
1520	竹	12	kanji1	1
1521	焼き	12	multi	2
1522	ってしまう	12	multi	5
1523	清	12	kanji1	1
1524	スマ	12	multi	2
1525	卑	11	kanji1	1
1526	怯	11	kanji1	1
1527	クラ	11	multi	2
1528	解放	11	multi	2
1529	復	11	kanji1	1
1530	眼	11	kanji1	1
1531	に入る	11	multi	3
1532	アル	11	multi	2
1533	となる	11	multi	3
1534	ないこと	11	multi	4
1535	生命	11	multi	2
1536	慣	11	kanji1	1
1537	抜け	11	multi	2
1538	骨	11	kanji1	1
1539	近く	11	multi	2
1540	温	11	kanji1	1
1541	るもの	11	multi	3
1542	当たり	11	multi	3
1543	付き合	11	multi	3
1544	趣味	11	multi	2
1545	瞬	11	kanji1	1
1546	買い物	11	multi	3
1547	まさに	11	multi	3
1548	に乗	11	multi	2
1549	愚	11	kanji1	1
1550	その後	11	multi	3
1551	目標	11	multi	2
1552	色々	11	multi	2
1553	バッグ	11	multi	3
1554	と一緒に	11	multi	4
1555	描	11	kanji1	1
1556	ナン	11	multi	2
1557	市	11	kanji1	1
1558	メール	11	multi	3
1559	いれば	11	multi	3
1560	宅	11	kanji1	1
1561	素晴らしい	11	multi	5
1562	涼	11	kanji1	1
1563	フル	11	multi	2
1564	大切な	11	multi	3
1565	浮	11	kanji1	1
1566	不明	11	multi	2
1567	引っ	11	multi	2
1568	わけで	11	multi	3
1569	噂	11	kanji1	1
1570	測	11	kanji1	1
1571	以来	11	multi	2
1572	としても	11	multi	4
1573	での	11	multi	2
1574	まずは	11	multi	3
1575	プレー	11	multi	3
1576	論	11	kanji1	1
1577	拾	11	kanji1	1
1578	意識	11	multi	2
1579	毒	11	kanji1	1
1580	恨	11	kanji1	1
1581	汚	11	kanji1	1
1582	妙	11	kanji1	1
1583	によって	11	multi	4
1584	出会	11	multi	2
1585	良い	11	multi	2
1586	順	11	kanji1	1
1587	力を	11	multi	2
1588	ニュース	11	multi	4
1589	いろ	11	multi	2
1590	天才	11	multi	2
1591	売り	11	multi	2
1592	期待	11	multi	2
1593	導	11	kanji1	1
1594	浴	11	kanji1	1
1595	治療	11	multi	2
1596	ケー	11	multi	2
1597	跳	11	kanji1	1
1598	修	11	kanji1	1
1599	すでに	11	multi	3
1600	必	11	kanji1	1
1601	卵	11	kanji1	1
1602	気になる	11	multi	4
1603	ほとんど	11	multi	4
1604	ニー	11	multi	2
1605	どうしても	11	multi	5
1606	るのが	11	multi	3
1607	がら	11	multi	2
1608	雲	11	kanji1	1
1609	チーム	11	multi	3
1610	材	11	kanji1	1
1611	毛	11	kanji1	1
1612	男子	11	multi	2
1613	未	11	kanji1	1
1614	妖怪	11	multi	2
1615	チェ	11	multi	2
1616	プリ	10	multi	2
1617	スタート	10	multi	4
1618	了	10	kanji1	1
1619	なもの	10	multi	3
1620	を入れ	10	multi	3
1621	爆	10	kanji1	1
1622	型	10	kanji1	1
1623	使う	10	multi	2
1624	散	10	kanji1	1
1625	第二	10	multi	2
1626	底	10	kanji1	1
1627	途中	10	multi	2
1628	ちら	10	multi	2
1629	麻	10	kanji1	1
1630	もらえる	10	multi	4
1631	矢	10	kanji1	1
1632	なのです	10	multi	4
1633	料	10	kanji1	1
1634	を使	10	multi	2
1635	ではなく	10	multi	4
1636	志	10	kanji1	1
1637	程度	10	multi	2
1638	日に	10	multi	2
1639	如	10	kanji1	1
1640	台	10	kanji1	1
1641	スク	10	multi	2
1642	族	10	kanji1	1
1643	ニア	10	multi	2
1644	交	10	kanji1	1
1645	ファン	10	multi	3
1646	完成	10	multi	2
1647	将来	10	multi	2
1648	生活	10	multi	2
1649	当たり前	10	multi	4
1650	委	10	kanji1	1
1651	込んで	10	multi	3
1652	札	10	kanji1	1
1653	に入れ	10	multi	3
1654	ないです	10	multi	4
1655	等	10	kanji1	1
1656	並	10	kanji1	1
1657	身体	10	multi	2
1658	誕	10	kanji1	1
1659	アップ	10	multi	3
1660	辞	10	kanji1	1
1661	距離	10	multi	2
1662	折	10	kanji1	1
1663	緊	10	kanji1	1
1664	要	10	kanji1	1
1665	七	10	kanji1	1
1666	簡単	10	multi	2
1667	獄	10	kanji1	1
1668	諸	10	kanji1	1
1669	幼	10	kanji1	1
1670	セット	10	multi	3
1671	砂	10	kanji1	1
1672	正確	10	multi	2
1673	類	10	kanji1	1
1674	晴	10	kanji1	1
1675	多	10	kanji1	1
1676	ベン	10	multi	2
1677	短	10	kanji1	1
1678	コース	10	multi	3
1679	読み	10	multi	2
1680	かどうか	10	multi	4
1681	フランス	10	multi	4
1682	偶然	10	multi	2
1683	いただき	10	multi	4
1684	合わ	10	multi	2
1685	得	10	kanji1	1
1686	幸	10	kanji1	1
1687	おります	10	multi	4
1688	九	10	kanji1	1
1689	弟子	10	multi	2
1690	学院	10	multi	2
1691	ヶ月	10	multi	2
1692	ブラ	10	multi	2
1693	宮	10	kanji1	1
1694	任	10	kanji1	1
1695	修理	10	multi	2
1696	憎	10	kanji1	1
1697	れている	10	multi	4
1698	江	10	kanji1	1
1699	に入って	10	multi	4
1700	策	10	kanji1	1
1701	続き	10	multi	2
1702	ようと	10	multi	3
1703	ちょう	10	multi	3
1704	常	10	kanji1	1
1705	信用	10	multi	2
1706	制	10	kanji1	1
1707	冷静	10	multi	2
1708	お話	10	multi	2
1709	イラ	10	multi	2
1710	が必要	10	multi	3
1711	およ	10	multi	2
1712	があります	10	multi	5
1713	ということ	10	multi	5
1714	がか	10	multi	2
1715	を見る	10	multi	3
1716	かもしれません	10	multi	7
1717	キュ	10	multi	2
1718	葬	10	kanji1	1
1719	覚え	10	multi	2
1720	慮	10	kanji1	1
1721	勘	10	kanji1	1
1722	叔	10	kanji1	1
1723	宙	10	kanji1	1
1724	剛	10	kanji1	1
1725	陣	10	kanji1	1
1726	誤	9	kanji1	1
1727	報	9	kanji1	1
1728	通信	9	multi	2
1729	ポイント	9	multi	4
1730	狙	9	kanji1	1
1731	精神	9	multi	2
1732	なくなって	9	multi	5
1733	禁	9	kanji1	1
1734	儀	9	kanji1	1
1735	使って	9	multi	3
1736	裂	9	kanji1	1
1737	浪	9	kanji1	1
1738	事件	9	multi	2
1739	二十	9	multi	2
1740	込む	9	multi	2
1741	に行った	9	multi	4
1742	人と	9	multi	2
1743	ックス	9	multi	3
1744	績	9	kanji1	1
1745	ダイエット	9	multi	5
1746	話し	9	multi	2
1747	の大	9	multi	2
1748	想像	9	multi	2
1749	快	9	kanji1	1
1750	襲	9	kanji1	1
1751	日本の	9	multi	3
1752	べき	9	multi	2
1753	努力	9	multi	2
1754	舟	9	kanji1	1
1755	にて	9	multi	2
1756	が始	9	multi	2
1757	レベル	9	multi	3
1758	欲	9	kanji1	1
1759	振	9	kanji1	1
1760	講	9	kanji1	1
1761	上がって	9	multi	4
1762	言えば	9	multi	3
1763	給	9	kanji1	1
1764	貧	9	kanji1	1
1765	壁	9	kanji1	1
1766	工	9	kanji1	1
1767	油	9	kanji1	1
1768	祭	9	kanji1	1
1769	秒	9	kanji1	1
1770	イメージ	9	multi	4
1771	創	9	kanji1	1
1772	注	9	kanji1	1
1773	ピー	9	multi	2
1774	古	9	kanji1	1
1775	成長	9	multi	2
1776	注意	9	multi	2
1777	マル	9	multi	2
1778	密	9	kanji1	1
1779	積	9	kanji1	1
1780	いたします	9	multi	5
1781	演	9	kanji1	1
1782	的な	9	multi	2
1783	固	9	kanji1	1
1784	こともある	9	multi	5
1785	カード	9	multi	3
1786	貨	9	kanji1	1
1787	泉	9	kanji1	1
1788	汗	9	kanji1	1
1789	簡単に	9	multi	3
1790	刑事	9	multi	2
1791	卓	9	kanji1	1
1792	社会	9	multi	2
1793	ライブ	9	multi	3
1794	と思います	9	multi	5
1795	もり	9	multi	2
1796	刻	9	kanji1	1
1797	とする	9	multi	3
1798	興	9	kanji1	1
1799	ポン	9	multi	2
1800	墓	9	kanji1	1
1801	激	9	kanji1	1
1802	陰	9	kanji1	1
1803	罪	9	kanji1	1
1804	乙	9	kanji1	1
1805	により	9	multi	3
1806	くなり	9	multi	3
1807	ようです	9	multi	4
1808	にくい	9	multi	3
1809	決定	9	multi	2
1810	果	9	kanji1	1
1811	限り	9	multi	2
1812	銀	9	kanji1	1
1813	改	9	kanji1	1
1814	何度	9	multi	2
1815	殴	9	kanji1	1
1816	贈	9	kanji1	1
1817	暮	9	kanji1	1
1818	健康	9	multi	2
1819	珍	9	kanji1	1
1820	留	9	kanji1	1
1821	科	9	kanji1	1
1822	腰	9	kanji1	1
1823	初恋	9	multi	2
1824	過去	9	multi	2
1825	精	9	kanji1	1
1826	布	9	kanji1	1
1827	ドル	8	multi	2
1828	ドラ	8	multi	2
1829	不能	8	multi	2
1830	開始	8	multi	2
1831	参加	8	multi	2
1832	認め	8	multi	2
1833	今回の	8	multi	3
1834	を作	8	multi	2
1835	ライト	8	multi	3
1836	武器	8	multi	2
1837	節	8	kanji1	1
1838	意見	8	multi	2
1839	出てくる	8	multi	4
1840	僧	8	kanji1	1
1841	教師	8	multi	2
1842	医	8	kanji1	1
1843	表	8	kanji1	1
1844	十五	8	multi	2
1845	何度も	8	multi	3
1846	疑	8	kanji1	1
1847	璧	8	kanji1	1
1848	使える	8	multi	3
1849	適	8	kanji1	1
1850	変わる	8	multi	3
1851	養	8	kanji1	1
1852	ジョ	8	multi	2
1853	具	8	kanji1	1
1854	を使う	8	multi	3
1855	損	8	kanji1	1
1856	当日	8	multi	2
1857	ビル	8	multi	2
1858	カメラ	8	multi	3
1859	生日	8	multi	2
1860	辛	8	kanji1	1
1861	書いて	8	multi	3
1862	時期	8	multi	2
1863	華	8	kanji1	1
1864	吐	8	kanji1	1
1865	症	8	kanji1	1
1866	勤	8	kanji1	1
1867	要求	8	multi	2
1868	躍	8	kanji1	1
1869	間違い	8	multi	3
1870	自身	8	multi	2
1871	即	8	kanji1	1
1872	暮ら	8	multi	2
1873	本来	8	multi	2
1874	陽	8	kanji1	1
1875	亭	8	kanji1	1
1876	を考え	8	multi	3
1877	乾	8	kanji1	1
1878	別の	8	multi	2
1879	最低	8	multi	2
1880	ッグ	8	multi	2
1881	千万	8	multi	2
1882	伝え	8	multi	2
1883	曹	8	kanji1	1
1884	んでいる	8	multi	4
1885	箱	8	kanji1	1
1886	までの	8	multi	3
1887	スピード	8	multi	4
1888	深い	8	multi	2
1889	んですが	8	multi	4
1890	一方	8	multi	2
1891	今回	8	multi	2
1892	ければ	8	multi	3
1893	能力	8	multi	2
1894	スタ	8	multi	2
1895	先行	8	multi	2
1896	溺	8	kanji1	1
1897	ができる	8	multi	4
1898	河	8	kanji1	1
1899	為	8	kanji1	1
1900	違って	8	multi	3
1901	いろんな	8	multi	4
1902	期	8	kanji1	1
1903	替	8	kanji1	1
1904	池	8	kanji1	1
1905	停	8	kanji1	1
1906	に向	8	multi	2
1907	厳しい	8	multi	3
1908	ものの	8	multi	3
1909	載	8	kanji1	1
1910	岩	8	kanji1	1
1911	初心	8	multi	2
1912	タイプ	8	multi	3
1913	グラ	8	multi	2
1914	もなく	8	multi	3
1915	一個	8	multi	2
1916	替え	8	multi	2
1917	温泉	8	multi	2
1918	西	8	kanji1	1
1919	反省	8	multi	2
1920	安い	8	multi	2
1921	ほか	8	multi	2
1922	はありません	8	multi	6
1923	希望	8	multi	2
1924	主人	8	multi	2
1925	本人	8	multi	2
1926	荒	8	kanji1	1
1927	キング	8	multi	3
1928	十年	8	multi	2
1929	副	8	kanji1	1
1930	可愛い	8	multi	3
1931	ホテル	8	multi	3
1932	逢	8	kanji1	1
1933	盗	8	kanji1	1
1934	造	8	kanji1	1
1935	記者	8	multi	2
1936	全国	8	multi	2
1937	熟	8	kanji1	1
1938	半年	8	multi	2
1939	司	8	kanji1	1
1940	章	8	kanji1	1
1941	桂	8	kanji1	1
1942	杷	8	kanji1	1
1943	塔	7	kanji1	1
1944	を探	7	multi	2
1945	公園	7	multi	2
1946	最終	7	multi	2
1947	慢	7	kanji1	1
1948	祈	7	kanji1	1
1949	られます	7	multi	4
1950	タル	7	multi	2
1951	忠	7	kanji1	1
1952	評	7	kanji1	1
1953	続ける	7	multi	3
1954	橋	7	kanji1	1
1955	護	7	kanji1	1
1956	季	7	kanji1	1
1957	強く	7	multi	2
1958	午	7	kanji1	1
1959	子ども	7	multi	3
1960	母親	7	multi	2
1961	少女	7	multi	2
1962	家庭	7	multi	2
1963	貫	7	kanji1	1
1964	誓	7	kanji1	1
1965	修行	7	multi	2
1966	すぎて	7	multi	3
1967	と言う	7	multi	3
1968	踏	7	kanji1	1
1969	使え	7	multi	2
1970	個	7	kanji1	1
1971	制服	7	multi	2
1972	ただし	7	multi	3
1973	拳	7	kanji1	1
1974	カップ	7	multi	3
1975	パソコン	7	multi	4
1976	ときに	7	multi	3
1977	るように	7	multi	4
1978	謝	7	kanji1	1
1979	備	7	kanji1	1
1980	不足	7	multi	2
1981	ダイ	7	multi	2
1982	といえば	7	multi	4
1983	年の	7	multi	2
1984	ガイ	7	multi	2
1985	左右	7	multi	2
1986	岸	7	kanji1	1
1987	得意	7	multi	2
1988	チュ	7	multi	2
1989	福	7	kanji1	1
1990	招待	7	multi	2
1991	豆	7	kanji1	1
1992	以前	7	multi	2
1993	思わ	7	multi	2
1994	かつ	7	multi	2
1995	からない	7	multi	4
1996	人力	7	multi	2
1997	ーター	7	multi	3
1998	が多い	7	multi	3
1999	立て	7	multi	2
2000	事情	7	multi	2
2001	探し	7	multi	2
2002	去	7	kanji1	1
2003	続く	7	multi	2
2004	敷	7	kanji1	1
2005	云	7	kanji1	1
2006	私立	7	multi	2
2007	唯	7	kanji1	1
2008	チェック	7	multi	4
2009	往	7	kanji1	1
2010	朋	7	kanji1	1
2011	操	7	kanji1	1
2012	接	7	kanji1	1
2013	ショー	7	multi	3
2014	奈	7	kanji1	1
2015	迎	7	kanji1	1
2016	畜	7	kanji1	1
2017	ウェ	7	multi	2
2018	憧	7	kanji1	1
2019	腐	7	kanji1	1
2020	情報を	7	multi	3
2021	態度	7	multi	2
2022	合格	7	multi	2
2023	才	7	kanji1	1
2024	オス	7	multi	2
2025	グル	7	multi	2
2026	プログラム	7	multi	5
2027	混	7	kanji1	1
2028	付き	7	multi	2
2029	構	7	kanji1	1
2030	防	7	kanji1	1
2031	米	7	kanji1	1
2032	さらに	7	multi	3
2033	ーズ	7	multi	2
2034	道具	7	multi	2
2035	規	7	kanji1	1
2036	プレ	7	multi	2
2037	人工	7	multi	2
2038	濯	7	kanji1	1
2039	リスト	7	multi	3
2040	政府	7	multi	2
2041	双	7	kanji1	1
2042	幕	7	kanji1	1
2043	買った	7	multi	3
2044	お客様	7	multi	3
2045	偉	7	kanji1	1
2046	肩	7	kanji1	1
2047	避	7	kanji1	1
2048	考える	7	multi	3
2049	時間を	7	multi	3
2050	てしま	7	multi	3
2051	込め	7	multi	2
2052	府	7	kanji1	1
2053	好み	7	multi	2
2054	直接	7	multi	2
2055	意志	7	multi	2
2056	才能	7	multi	2
2057	やは	7	multi	2
2058	コー	7	multi	2
2059	周	7	kanji1	1
2060	幅	7	kanji1	1
2061	かったです	7	multi	5
2062	素敵	7	multi	2
2063	思考	7	multi	2
2064	メニュー	7	multi	4
2065	秘	7	kanji1	1
2066	永	7	kanji1	1
2067	割	7	kanji1	1
2068	ジー	7	multi	2
2069	州	7	kanji1	1
2070	同期	7	multi	2
2071	吟	7	kanji1	1
2072	童	7	kanji1	1
2073	莉	7	kanji1	1
2074	竿	7	kanji1	1
2075	ランド	6	multi	3
2076	シア	6	multi	2
2077	非常	6	multi	2
2078	レイ	6	multi	2
2079	オープン	6	multi	4
2080	展	6	kanji1	1
2081	ストレス	6	multi	4
2082	費	6	kanji1	1
2083	俊	6	kanji1	1
2084	出口	6	multi	2
2085	振り	6	multi	2
2086	感じる	6	multi	3
2087	像	6	kanji1	1
2088	を持って	6	multi	4
2089	チン	6	multi	2
2090	ニック	6	multi	3
2091	置いて	6	multi	3
2092	大きく	6	multi	3
2093	のですが	6	multi	4
2094	場合は	6	multi	3
2095	飾	6	kanji1	1
2096	吸	6	kanji1	1
2097	おそらく	6	multi	4
2098	があり	6	multi	3
2099	自主	6	multi	2
2100	梢	6	kanji1	1
2101	敬	6	kanji1	1
2102	買う	6	multi	2
2103	を作って	6	multi	4
2104	否定	6	multi	2
2105	ナー	6	multi	2
2106	食べた	6	multi	3
2107	反	6	kanji1	1
2108	勿	6	kanji1	1
2109	上がる	6	multi	3
2110	担当	6	multi	2
2111	続けて	6	multi	3
2112	正しい	6	multi	3
2113	捨	6	kanji1	1
2114	十一	6	multi	2
2115	プレイ	6	multi	3
2116	アメリカ	6	multi	4
2117	男女	6	multi	2
2118	握手	6	multi	2
2119	られている	6	multi	5
2120	装置	6	multi	2
2121	乗り	6	multi	2
2122	包	6	kanji1	1
2123	研究所	6	multi	3
2124	算	6	kanji1	1
2125	友情	6	multi	2
2126	みたいです	6	multi	5
2127	チャー	6	multi	3
2128	机	6	kanji1	1
2129	禁止	6	multi	2
2130	ッシ	6	multi	2
2131	製	6	kanji1	1
2132	クト	6	multi	2
2133	賞	6	kanji1	1
2134	ミニ	6	multi	2
2135	方に	6	multi	2
2136	をしている	6	multi	5
2137	容	6	kanji1	1
2138	薄	6	kanji1	1
2139	惜	6	kanji1	1
2140	十二	6	multi	2
2141	下手	6	multi	2
2142	これまで	6	multi	4
2143	蛮	6	kanji1	1
2144	とはいえ	6	multi	4
2145	暇	6	kanji1	1
2146	県	6	kanji1	1
2147	柔	6	kanji1	1
2148	きっかけ	6	multi	4
2149	ネット	6	multi	3
2150	一本	6	multi	2
2151	ています	6	multi	4
2152	幻	6	kanji1	1
2153	パート	6	multi	3
2154	攻	6	kanji1	1
2155	ウィ	6	multi	2
2156	宝石	6	multi	2
2157	港	6	kanji1	1
2158	向き	6	multi	2
2159	床	6	kanji1	1
2160	があれば	6	multi	4
2161	時間が	6	multi	3
2162	いると	6	multi	3
2163	留守	6	multi	2
2164	ちな	6	multi	2
2165	梨	6	kanji1	1
2166	昇	6	kanji1	1
2167	遇	6	kanji1	1
2168	尽	6	kanji1	1
2169	系	6	kanji1	1
2170	過	6	kanji1	1
2171	タイム	6	multi	3
2172	粉	6	kanji1	1
2173	を持つ	6	multi	3
2174	隔	6	kanji1	1
2175	ケース	6	multi	3
2176	猛	6	kanji1	1
2177	訪	6	kanji1	1
2178	称	6	kanji1	1
2179	比べ	6	multi	2
2180	柄	6	kanji1	1
2181	売る	6	multi	2
2182	手段	6	multi	2
2183	オー	6	multi	2
2184	しようと	6	multi	4
2185	伯	6	kanji1	1
2186	模	6	kanji1	1
2187	死刑	6	multi	2
2188	牧	6	kanji1	1
2189	狂	6	kanji1	1
2190	政	6	kanji1	1
2191	ではありません	6	multi	7
2192	刺	6	kanji1	1
2193	しています	6	multi	5
2194	了解	6	multi	2
2195	食欲	6	multi	2
2196	基本	6	multi	2
2197	管理	6	multi	2
2198	企	6	kanji1	1
2199	いずれ	6	multi	3
2200	といって	6	multi	4
2201	ってしまいました	6	multi	8
2202	保健	6	multi	2
2203	責	6	kanji1	1
2204	遣	6	kanji1	1
2205	可能性	6	multi	3
2206	支部	6	multi	2
2207	兵器	6	multi	2
2208	己	6	kanji1	1
2209	解決	6	multi	2
2210	できません	6	multi	5
2211	恩	6	kanji1	1
2212	虎	6	kanji1	1
2213	集中	6	multi	2
2214	兜	6	kanji1	1
2215	高く	6	multi	2
2216	全力	6	multi	2
2217	訓	6	kanji1	1
2218	奪	6	kanji1	1
2219	判断	6	multi	2
2220	されました	6	multi	5
2221	ようになった	6	multi	6
2222	牙	6	kanji1	1
2223	領	6	kanji1	1
2224	ドラマ	6	multi	3
2225	中原	6	multi	2
2226	財	6	kanji1	1
2227	去年	6	multi	2
2228	天国	6	multi	2
2229	朕	6	kanji1	1
2230	禅	6	kanji1	1
2231	ってしま	6	multi	4
2232	淑	6	kanji1	1
2233	分かる	6	multi	3
2234	枇	6	kanji1	1
2235	符	6	kanji1	1
2236	真理	6	multi	2
2237	求	5	kanji1	1
2238	炉	5	kanji1	1
2239	尉	5	kanji1	1
2240	任務	5	multi	2
2241	誠	5	kanji1	1
2242	維	5	kanji1	1
2243	後に	5	multi	2
2244	高度	5	multi	2
2245	盤	5	kanji1	1
2246	別人	5	multi	2
2247	とはい	5	multi	3
2248	塾	5	kanji1	1
2249	アルバ	5	multi	3
2250	父親	5	multi	2
2251	コピー	5	multi	3
2252	宇	5	kanji1	1
2253	晶	5	kanji1	1
2254	トレ	5	multi	2
2255	プライ	5	multi	3
2256	爵	5	kanji1	1
2257	一大	5	multi	2
2258	喋	5	kanji1	1
2259	整	5	kanji1	1
2260	ホーム	5	multi	3
2261	換	5	kanji1	1
2262	孫	5	kanji1	1
2263	完了	5	multi	2
2264	影響	5	multi	2
2265	猿	5	kanji1	1
2266	上がり	5	multi	3
2267	惚	5	kanji1	1
2268	恐怖	5	multi	2
2269	高速	5	multi	2
2270	則	5	kanji1	1
2271	拒	5	kanji1	1
2272	美味	5	multi	2
2273	生物	5	multi	2
2274	を持	5	multi	2
2275	ポート	5	multi	3
2276	件	5	kanji1	1
2277	クラブ	5	multi	3
2278	以下	5	multi	2
2279	帽子	5	multi	2
2280	を開	5	multi	2
2281	侵	5	kanji1	1
2282	裸	5	kanji1	1
2283	一切	5	multi	2
2284	臨	5	kanji1	1
2285	おす	5	multi	2
2286	識	5	kanji1	1
2287	非	5	kanji1	1
2288	衣	5	kanji1	1
2289	ることは	5	multi	4
2290	増え	5	multi	2
2291	券	5	kanji1	1
2292	方向	5	multi	2
2293	確	5	kanji1	1
2294	方も	5	multi	2
2295	研究	5	multi	2
2296	ことができ	5	multi	5
2297	没	5	kanji1	1
2298	最大	5	multi	2
2299	民	5	kanji1	1
2300	煙	5	kanji1	1
2301	象	5	kanji1	1
2302	集合	5	multi	2
2303	後の	5	multi	2
2304	示	5	kanji1	1
2305	湖	5	kanji1	1
2306	タイミング	5	multi	5
2307	ッと	5	multi	2
2308	てくる	5	multi	3
2309	アナ	5	multi	2
2310	せず	5	multi	2
2311	旦	5	kanji1	1
2312	那	5	kanji1	1
2313	一枚	5	multi	2
2314	枯	5	kanji1	1
2315	湘	5	kanji1	1
2316	するのは	5	multi	4
2317	バンド	5	multi	3
2318	入学	5	multi	2
2319	却	5	kanji1	1
2320	バック	5	multi	3
2321	紅	5	kanji1	1
2322	任せ	5	multi	2
2323	板	5	kanji1	1
2324	多くの	5	multi	3
2325	主義	5	multi	2
2326	大陸	5	multi	2
2327	狼	5	kanji1	1
2328	踊	5	kanji1	1
2329	上司	5	multi	2
2330	特殊	5	multi	2
2331	倍	5	kanji1	1
2332	尻	5	kanji1	1
2333	栗	5	kanji1	1
2334	赤ちゃん	5	multi	4
2335	もあり	5	multi	3
2336	に対して	5	multi	4
2337	混乱	5	multi	2
2338	又	5	kanji1	1
2339	ページ	5	multi	3
2340	装	5	kanji1	1
2341	警告	5	multi	2
2342	兄弟	5	multi	2
2343	報告	5	multi	2
2344	下げ	5	multi	2
2345	沈	5	kanji1	1
2346	可能	5	multi	2
2347	藍	5	kanji1	1
2348	司令	5	multi	2
2349	考	5	kanji1	1
2350	握	5	kanji1	1
2351	彗	5	kanji1	1
2352	向け	5	multi	2
2353	植	5	kanji1	1
2354	有名	5	multi	2
2355	んですよね	5	multi	5
2356	アウト	5	multi	3
2357	フト	5	multi	2
2358	皮	5	kanji1	1
2359	蒸	5	kanji1	1
2360	コミ	5	multi	2
2361	と言い	5	multi	3
2362	浜	5	kanji1	1
2363	三年	5	multi	2
2364	保護	5	multi	2
2365	トップ	5	multi	3
2366	尋	5	kanji1	1
2367	であり	5	multi	3
2368	としては	5	multi	4
2369	尼	5	kanji1	1
2370	をご	5	multi	2
2371	字	5	kanji1	1
2372	殿下	5	multi	2
2373	っております	5	multi	6
2374	祝	5	kanji1	1
2375	十四	5	multi	2
2376	歌手	5	multi	2
2377	住所	5	multi	2
2378	国の	5	multi	2
2379	看	5	kanji1	1
2380	厚	5	kanji1	1
2381	犯罪	5	multi	2
2382	韓	5	kanji1	1
2383	を選	5	multi	2
2384	操作	5	multi	2
2385	始めた	5	multi	3
2386	可愛	5	multi	2
2387	働	5	kanji1	1
2388	平凡	5	multi	2
2389	指導	5	multi	2
2390	飽	5	kanji1	1
2391	現場	5	multi	2
2392	的には	5	multi	3
2393	を受け	5	multi	3
2394	働く	5	multi	2
2395	分かり	5	multi	3
2396	帳	5	kanji1	1
2397	棒	5	kanji1	1
2398	郵	5	kanji1	1
2399	古い	5	multi	2
2400	ものです	5	multi	4
2401	れます	5	multi	3
2402	サラ	5	multi	2
2403	唯一	5	multi	2
2404	となって	5	multi	4
2405	鳳	5	kanji1	1
2406	人数	5	multi	2
2407	建	5	kanji1	1
2408	響	5	kanji1	1
2409	淋	5	kanji1	1
2410	大阪	5	multi	2
2411	農	5	kanji1	1
2412	条	5	kanji1	1
2413	審	5	kanji1	1
2414	林	5	kanji1	1
2415	停止	5	multi	2
2416	自己	5	multi	2
2417	認	5	kanji1	1
2418	翁	5	kanji1	1
2419	冥	5	kanji1	1
2420	承	5	kanji1	1
2421	であろう	5	multi	4
2422	されている	5	multi	5
2423	ようで	5	multi	3
2424	素敵な	5	multi	3
2425	凄	5	kanji1	1
2426	に入った	5	multi	4
2427	ソン	5	multi	2
2428	わけではない	5	multi	6
2429	もらって	5	multi	4
2430	舞台	5	multi	2
2431	生理	5	multi	2
2432	千里	5	multi	2
2433	丹	5	kanji1	1
2434	不死	5	multi	2
2435	都会	5	multi	2
2436	ができ	5	multi	3
2437	橘	5	kanji1	1
2438	祐	5	kanji1	1
2439	アク	5	multi	2
2440	けれど	5	multi	3
2441	資	5	kanji1	1
2442	大地	5	multi	2
2443	を見つけ	5	multi	4
2444	茉	5	kanji1	1
2445	陳	5	kanji1	1
2446	騎	5	kanji1	1
2447	姐	5	kanji1	1
2448	兒	5	kanji1	1
2449	エリア	4	multi	3
2450	解散	4	multi	2
2451	セル	4	multi	2
2452	ロック	4	multi	3
2453	救助	4	multi	2
2454	きっ	4	multi	2
2455	ベース	4	multi	3
2456	正常	4	multi	2
2457	酸	4	kanji1	1
2458	価	4	kanji1	1
2459	ホール	4	multi	3
2460	援	4	kanji1	1
2461	錯	4	kanji1	1
2462	杯	4	kanji1	1
2463	ことです	4	multi	4
2464	企業	4	multi	2
2465	帖	4	kanji1	1
2466	妖	4	kanji1	1
2467	を得	4	multi	2
2468	察	4	kanji1	1
2469	虚	4	kanji1	1
2470	第五	4	multi	2
2471	ユニ	4	multi	2
2472	免	4	kanji1	1
2473	寿命	4	multi	2
2474	ライフ	4	multi	3
2475	参考	4	multi	2
2476	列	4	kanji1	1
2477	最も	4	multi	2
2478	尊敬	4	multi	2
2479	罰	4	kanji1	1
2480	償	4	kanji1	1
2481	悩み	4	multi	2
2482	針	4	kanji1	1
2483	メンバー	4	multi	4
2484	否	4	kanji1	1
2485	憩	4	kanji1	1
2486	と考え	4	multi	3
2487	しながら	4	multi	4
2488	続け	4	multi	2
2489	呼吸	4	multi	2
2490	ソー	4	multi	2
2491	してしまう	4	multi	5
2492	一万	4	multi	2
2493	を行	4	multi	2
2494	ダウン	4	multi	3
2495	数学	4	multi	2
2496	一面	4	multi	2
2497	青春	4	multi	2
2498	肌	4	kanji1	1
2499	原理	4	multi	2
2500	基礎	4	multi	2
2501	惑	4	kanji1	1
2502	ヘル	4	multi	2
2503	景色	4	multi	2
2504	したもの	4	multi	4
2505	染	4	kanji1	1
2506	廊	4	kanji1	1
2507	枚	4	kanji1	1
2508	昨	4	kanji1	1
2509	になると	4	multi	4
2510	と思い	4	multi	3
2511	がかか	4	multi	3
2512	すべ	4	multi	2
2513	洋	4	kanji1	1
2514	安全	4	multi	2
2515	売れ	4	multi	2
2516	率	4	kanji1	1
2517	していない	4	multi	5
2518	商品	4	multi	2
2519	埋	4	kanji1	1
2520	拍	4	kanji1	1
2521	ネタ	4	multi	2
2522	奉	4	kanji1	1
2523	苦し	4	multi	2
2524	上で	4	multi	2
2525	扇	4	kanji1	1
2526	高等学校	4	multi	4
2527	劇	4	kanji1	1
2528	統	4	kanji1	1
2529	悠	4	kanji1	1
2530	一般	4	multi	2
2531	筋	4	kanji1	1
2532	伏	4	kanji1	1
2533	っていく	4	multi	4
2534	劣	4	kanji1	1
2535	重要	4	multi	2
2536	ルー	4	multi	2
2537	名人	4	multi	2
2538	害	4	kanji1	1
2539	理想	4	multi	2
2540	笛	4	kanji1	1
2541	もらい	4	multi	3
2542	出会い	4	multi	3
2543	以上の	4	multi	3
2544	きちんと	4	multi	4
2545	ないので	4	multi	4
2546	炎	4	kanji1	1
2547	を使って	4	multi	4
2548	地上	4	multi	2
2549	祖父	4	multi	2
2550	スペース	4	multi	4
2551	抗	4	kanji1	1
2552	吠	4	kanji1	1
2553	階段	4	multi	2
2554	代表	4	multi	2
2555	暮らし	4	multi	3
2556	体重	4	multi	2
2557	空間	4	multi	2
2558	大声	4	multi	2
2559	ザー	4	multi	2
2560	漏	4	kanji1	1
2561	缶	4	kanji1	1
2562	与	4	kanji1	1
2563	低い	4	multi	2
2564	版	4	kanji1	1
2565	舵	4	kanji1	1
2566	ベル	4	multi	2
2567	燃料	4	multi	2
2568	棄	4	kanji1	1
2569	人類	4	multi	2
2570	衝	4	kanji1	1
2571	雇	4	kanji1	1
2572	しば	4	multi	2
2573	到	4	kanji1	1
2574	みました	4	multi	4
2575	タイトル	4	multi	4
2576	サイズ	4	multi	3
2577	と思っていた	4	multi	6
2578	佳	4	kanji1	1
2579	某	4	kanji1	1
2580	出来る	4	multi	3
2581	共生	4	multi	2
2582	堤	4	kanji1	1
2583	に関	4	multi	2
2584	担任	4	multi	2
2585	ハー	4	multi	2
2586	すべき	4	multi	3
2587	文化	4	multi	2
2588	演技	4	multi	2
2589	しております	4	multi	6
2590	祖国	4	multi	2
2591	いっぱ	4	multi	3
2592	十九	4	multi	2
2593	支	4	kanji1	1
2594	党	4	kanji1	1
2595	十万	4	multi	2
2596	猪	4	kanji1	1
2597	范	4	kanji1	1
2598	主任	4	multi	2
2599	そのため	4	multi	4
2600	射	4	kanji1	1
2601	ることが	4	multi	4
2602	るべき	4	multi	3
2603	体力	4	multi	2
2604	拙	4	kanji1	1
2605	幸福	4	multi	2
2606	簿	4	kanji1	1
2607	皿	4	kanji1	1
2608	青年	4	multi	2
2609	を通して	4	multi	4
2610	指示	4	multi	2
2611	はずです	4	multi	4
2612	わけです	4	multi	4
2613	執	4	kanji1	1
2614	暴力	4	multi	2
2615	拓	4	kanji1	1
2616	したり	4	multi	3
2617	誉	4	kanji1	1
2618	便利	4	multi	2
2619	狸	4	kanji1	1
2620	酷	4	kanji1	1
2621	肝	4	kanji1	1
2622	武士	4	multi	2
2623	まと	4	multi	2
2624	中山	4	multi	2
2625	日本人	4	multi	3
2626	そもそも	4	multi	4
2627	計算	4	multi	2
2628	していて	4	multi	4
2629	火星	4	multi	2
2630	三人	4	multi	2
2631	厳	4	kanji1	1
2632	内容	4	multi	2
2633	と言われ	4	multi	4
2634	ビー	4	multi	2
2635	こんに	4	multi	3
2636	競	4	kanji1	1
2637	生涯	4	multi	2
2638	常に	4	multi	2
2639	巧	4	kanji1	1
2640	ちなみに	4	multi	4
2641	ますが	4	multi	3
2642	不良	4	multi	2
2643	このような	4	multi	5
2644	叶	4	kanji1	1
2645	例えば	4	multi	3
2646	支配	4	multi	2
2647	というもの	4	multi	5
2648	を作る	4	multi	3
2649	っています	4	multi	5
2650	孔雀	4	multi	2
2651	を集	4	multi	2
2652	頂	4	kanji1	1
2653	菜	4	kanji1	1
2654	のでしょうか	4	multi	6
2655	邦	4	kanji1	1
2656	建て	4	multi	2
2657	ワーク	4	multi	3
2658	期限	4	multi	2
2659	宵	4	kanji1	1
2660	蓄	4	kanji1	1
2661	パーティー	4	multi	5
2662	仙	4	kanji1	1
2663	臣	4	kanji1	1
2664	安く	4	multi	2
2665	働き	4	multi	2
2666	潮	4	kanji1	1
2667	一部	4	multi	2
2668	宴会	4	multi	2
2669	道路	4	multi	2
2670	うこと	4	multi	3
2671	楽し	4	multi	2
2672	お店	4	multi	2
2673	ることができ	4	multi	6
2674	香港	4	multi	2
2675	続いて	4	multi	3
2676	北海	4	multi	2
2677	時には	4	multi	3
2678	群	4	kanji1	1
2679	和尚	4	multi	2
2680	偵	4	kanji1	1
2681	致	4	kanji1	1
2682	交代	4	multi	2
2683	湿	4	kanji1	1
2684	アルバム	4	multi	4
2685	ツアー	4	multi	3
2686	レストラン	4	multi	5
2687	杜	4	kanji1	1
2688	十条	4	multi	2
2689	かもし	4	multi	3
2690	彰	4	kanji1	1
2691	システム	3	multi	4
2692	解除	3	multi	2
2693	管制	3	multi	2
2694	安定	3	multi	2
2695	接近	3	multi	2
2696	全体	3	multi	2
2697	麦	3	kanji1	1
2698	逮捕	3	multi	2
2699	ペット	3	multi	3
2700	生意	3	multi	2
2701	刃	3	kanji1	1
2702	笠	3	kanji1	1
2703	討	3	kanji1	1
2704	狭	3	kanji1	1
2705	新たな	3	multi	3
2706	葎	3	kanji1	1
2707	遭	3	kanji1	1
2708	において	3	multi	4
2709	微妙	3	multi	2
2710	畏	3	kanji1	1
2711	弱点	3	multi	2
2712	外出	3	multi	2
2713	争	3	kanji1	1
2714	リアル	3	multi	3
2715	年に	3	multi	2
2716	航	3	kanji1	1
2717	巡	3	kanji1	1
2718	材料	3	multi	2
2719	レーション	3	multi	5
2720	蛇	3	kanji1	1
2721	設計	3	multi	2
2722	教育	3	multi	2
2723	デザ	3	multi	2
2724	込	3	kanji1	1
2725	少ない	3	multi	3
2726	蹴	3	kanji1	1
2727	多く	3	multi	2
2728	寂	3	kanji1	1
2729	境	3	kanji1	1
2730	烏	3	kanji1	1
2731	を見せ	3	multi	3
2732	を変え	3	multi	3
2733	灯	3	kanji1	1
2734	乏	3	kanji1	1
2735	エステ	3	multi	3
2736	の一	3	multi	2
2737	欠	3	kanji1	1
2738	地面	3	multi	2
2739	位置	3	multi	2
2740	固定	3	multi	2
2741	粒	3	kanji1	1
2742	潔	3	kanji1	1
2743	ソフト	3	multi	3
2744	商店	3	multi	2
2745	我が家	3	multi	3
2746	紫	3	kanji1	1
2747	一杯	3	multi	2
2748	スペ	3	multi	2
2749	ることができる	3	multi	7
2750	燥	3	kanji1	1
2751	尾	3	kanji1	1
2752	ログ	3	multi	2
2753	利用	3	multi	2
2754	痛み	3	multi	2
2755	が多く	3	multi	3
2756	文明	3	multi	2
2757	輸	3	kanji1	1
2758	ですし	3	multi	3
2759	ナル	3	multi	2
2760	色彩	3	multi	2
2761	鮮	3	kanji1	1
2762	未知	3	multi	2
2763	戒	3	kanji1	1
2764	網	3	kanji1	1
2765	伸び	3	multi	2
2766	家中	3	multi	2
2767	トリ	3	multi	2
2768	昴	3	kanji1	1
2769	露	3	kanji1	1
2770	日夜	3	multi	2
2771	配置	3	multi	2
2772	変え	3	multi	2
2773	方式	3	multi	2
2774	反射	3	multi	2
2775	恭	3	kanji1	1
2776	パターン	3	multi	4
2777	旧	3	kanji1	1
2778	一流	3	multi	2
2779	慎重	3	multi	2
2780	プラ	3	multi	2
2781	を迎え	3	multi	3
2782	心得	3	multi	2
2783	巨	3	kanji1	1
2784	漢	3	kanji1	1
2785	アクセ	3	multi	3
2786	癖	3	kanji1	1
2787	換え	3	multi	2
2788	旗	3	kanji1	1
2789	招	3	kanji1	1
2790	するために	3	multi	5
2791	個人	3	multi	2
2792	向上	3	multi	2
2793	磨	3	kanji1	1
2794	人々	3	multi	2
2795	使命	3	multi	2
2796	サポート	3	multi	4
2797	を取り	3	multi	3
2798	賢	3	kanji1	1
2799	擬	3	kanji1	1
2800	環境	3	multi	2
2801	くなりました	3	multi	6
2802	提案	3	multi	2
2803	作文	3	multi	2
2804	丁	3	kanji1	1
2805	崖	3	kanji1	1
2806	かかる	3	multi	3
2807	すこと	3	multi	3
2808	マンション	3	multi	5
2809	症状	3	multi	2
2810	かかり	3	multi	3
2811	中途	3	multi	2
2812	押し	3	multi	2
2813	蟲	3	kanji1	1
2814	推	3	kanji1	1
2815	扉	3	kanji1	1
2816	迫	3	kanji1	1
2817	ーション	3	multi	4
2818	各国	3	multi	2
2819	漫画	3	multi	2
2820	購	3	kanji1	1
2821	温度	3	multi	2
2822	そも	3	multi	2
2823	メイン	3	multi	3
2824	いただきました	3	multi	7
2825	ホームページ	3	multi	6
2826	込んだ	3	multi	3
2827	胃	3	kanji1	1
2828	かもしれませんが	3	multi	8
2829	それぞれ	3	multi	4
2830	フレ	3	multi	2
2831	トラブル	3	multi	4
2832	干	3	kanji1	1
2833	画面	3	multi	2
2834	逃避	3	multi	2
2835	巨大	3	multi	2
2836	希	3	kanji1	1
2837	居住	3	multi	2
2838	区	3	kanji1	1
2839	靴	3	kanji1	1
2840	のではない	3	multi	5
2841	一条	3	multi	2
2842	税	3	kanji1	1
2843	持ってい	3	multi	4
2844	ドイ	3	multi	2
2845	ティー	3	multi	3
2846	革命	3	multi	2
2847	表情	3	multi	2
2848	されていた	3	multi	5
2849	実際に	3	multi	3
2850	相当	3	multi	2
2851	不利	3	multi	2
2852	乞	3	kanji1	1
2853	きち	3	multi	2
2854	冠	3	kanji1	1
2855	ッツ	3	multi	2
2856	牢	3	kanji1	1
2857	億	3	kanji1	1
2858	死者	3	multi	2
2859	夫人	3	multi	2
2860	自動	3	multi	2
2861	シーン	3	multi	3
2862	ていく	3	multi	3
2863	っていない	3	multi	5
2864	助手	3	multi	2
2865	になっている	3	multi	6
2866	峰	3	kanji1	1
2867	リンク	3	multi	3
2868	灰	3	kanji1	1
2869	刺激	3	multi	2
2870	斐	3	kanji1	1
2871	騙	3	kanji1	1
2872	宣	3	kanji1	1
2873	脂	3	kanji1	1
2874	分からない	3	multi	5
2875	脈	3	kanji1	1
2876	昭	3	kanji1	1
2877	ぜひ	3	multi	2
2878	百年	3	multi	2
2879	というのは	3	multi	5
2880	大自然	3	multi	3
2881	思念	3	multi	2
2882	外国	3	multi	2
2883	いただいて	3	multi	5
2884	もあります	3	multi	5
2885	だと思います	3	multi	6
2886	寸	3	kanji1	1
2887	瓦	3	kanji1	1
2888	燈	3	kanji1	1
2889	脚	3	kanji1	1
2890	多少	3	multi	2
2891	が高い	3	multi	3
2892	署	3	kanji1	1
2893	がありました	3	multi	6
2894	重症	3	multi	2
2895	善	3	kanji1	1
2896	百万	3	multi	2
2897	学者	3	multi	2
2898	各	3	kanji1	1
2899	美味しい	3	multi	4
2900	ワイン	3	multi	3
2901	政治	3	multi	2
2902	信仰	3	multi	2
2903	空中	3	multi	2
2904	しまう	3	multi	3
2905	正面	3	multi	2
2906	と思っている	3	multi	6
2907	商人	3	multi	2
2908	地区	3	multi	2
2909	小学生	3	multi	3
2910	柴	3	kanji1	1
2911	愛情	3	multi	2
2912	全身	3	multi	2
2913	酪	3	kanji1	1
2914	触れ	3	multi	2
2915	眺	3	kanji1	1
2916	青山	3	multi	2
2917	ドレス	3	multi	3
2918	を使った	3	multi	4
2919	因果	3	multi	2
2920	学科	3	multi	2
2921	輝	3	kanji1	1
2922	てしまいました	3	multi	7
2923	桔	3	kanji1	1
2924	梗	3	kanji1	1
2925	嬉	3	kanji1	1
2926	威	3	kanji1	1
2927	なければならない	3	multi	8
2928	謀	3	kanji1	1
2929	借	3	kanji1	1
2930	同情	3	multi	2
2931	利益	3	multi	2
2932	就	3	kanji1	1
2933	第三	3	multi	2
2934	稿	3	kanji1	1
2935	教授	3	multi	2
2936	プロジェクト	3	multi	6
2937	掘	3	kanji1	1
2938	パーティ	3	multi	4
2939	日々	3	multi	2
2940	障	3	kanji1	1
2941	ドイツ	3	multi	3
2942	雷	3	kanji1	1
2943	辱	3	kanji1	1
2944	兼	3	kanji1	1
2945	炊	3	kanji1	1
2946	逝	3	kanji1	1
2947	国民	3	multi	2
2948	襟	3	kanji1	1
2949	スタイル	3	multi	4
2950	厨	3	kanji1	1
2951	資金	3	multi	2
2952	ブランド	3	multi	4
2953	ファイル	3	multi	4
2954	選び	3	multi	2
2955	妊娠	3	multi	2
2956	爪	3	kanji1	1
2957	信心	3	multi	2
2958	工夫	3	multi	2
2959	預	3	kanji1	1
2960	といった	3	multi	4
2961	閣	3	kanji1	1
2962	アー	3	multi	2
2963	提供	3	multi	2
2964	ジャー	3	multi	3
2965	呼ば	3	multi	2
2966	慶	3	kanji1	1
2967	哀	3	kanji1	1
2968	五年	3	multi	2
2969	胆	3	kanji1	1
2970	地震	3	multi	2
2971	惨	3	kanji1	1
2972	在	3	kanji1	1
2973	澪	3	kanji1	1
2974	十三	3	multi	2
2975	圭	3	kanji1	1
2976	周り	3	multi	2
2977	仕事を	3	multi	3
2978	耐	3	kanji1	1
2979	揚	3	kanji1	1
2980	候	3	kanji1	1
2981	楠	3	kanji1	1
2982	灼	3	kanji1	1
2983	呆	3	kanji1	1
2984	バランス	3	multi	4
2985	作品	3	multi	2
2986	宴	3	kanji1	1
2987	串	3	kanji1	1
2988	なりません	3	multi	5
2989	ダー	3	multi	2
2990	敏	3	kanji1	1
2991	技術	3	multi	2
2992	ことができる	3	multi	6
2993	肘	3	kanji1	1
2994	本田	3	multi	2
2995	刹	3	kanji1	1
2996	センター	2	multi	4
2997	を超	2	multi	2
2998	制作	2	multi	2
2999	合同	2	multi	2
3000	訓練	2	multi	2
3001	鎖	2	kanji1	1
3002	名誉	2	multi	2
3003	挽回	2	multi	2
3004	ファー	2	multi	3
3005	坑	2	kanji1	1
3006	子ど	2	multi	2
3007	訂	2	kanji1	1
3008	ことがあります	2	multi	7
3009	スピ	2	multi	2
3010	正式	2	multi	2
3011	仇	2	kanji1	1
3012	侍	2	kanji1	1
3013	棚	2	kanji1	1
3014	一件	2	multi	2
3015	柳	2	kanji1	1
3016	詞	2	kanji1	1
3017	にとっては	2	multi	5
3018	を集め	2	multi	3
3019	弄	2	kanji1	1
3020	学期	2	multi	2
3021	していく	2	multi	4
3022	明らか	2	multi	3
3023	核	2	kanji1	1
3024	アジ	2	multi	2
3025	キャラ	2	multi	3
3026	筒	2	kanji1	1
3027	することが	2	multi	5
3028	叫	2	kanji1	1
3029	ビュー	2	multi	3
3030	叉	2	kanji1	1
3031	リフォ	2	multi	3
3032	国道	2	multi	2
3033	堪	2	kanji1	1
3034	智	2	kanji1	1
3035	冷却	2	multi	2
3036	羊	2	kanji1	1
3037	相互	2	multi	2
3038	作用	2	multi	2
3039	践	2	kanji1	1
3040	名字	2	multi	2
3041	通常	2	multi	2
3042	洪水	2	multi	2
3043	元素	2	multi	2
3044	磁	2	kanji1	1
3045	引力	2	multi	2
3046	消息	2	multi	2
3047	中央	2	multi	2
3048	ほぼ	2	multi	2
3049	繁	2	kanji1	1
3050	ださい	2	multi	3
3051	郭	2	kanji1	1
3052	小型	2	multi	2
3053	みると	2	multi	3
3054	大学生	2	multi	3
3055	ていない	2	multi	4
3056	野生	2	multi	2
3057	植物	2	multi	2
3058	区域	2	multi	2
3059	演出	2	multi	2
3060	になってしまう	2	multi	7
3061	水中	2	multi	2
3062	右手	2	multi	2
3063	溶	2	kanji1	1
3064	睡	2	kanji1	1
3065	大道	2	multi	2
3066	人物	2	multi	2
3067	随	2	kanji1	1
3068	痴	2	kanji1	1
3069	一口	2	multi	2
3070	慎	2	kanji1	1
3071	腑	2	kanji1	1
3072	萩	2	kanji1	1
3073	となった	2	multi	4
3074	阿	2	kanji1	1
3075	方言	2	multi	2
3076	いただく	2	multi	4
3077	独特	2	multi	2
3078	に関して	2	multi	4
3079	及び	2	multi	2
3080	リング	2	multi	3
3081	擦	2	kanji1	1
3082	堕	2	kanji1	1
3083	目的地	2	multi	3
3084	加速	2	multi	2
3085	朽	2	kanji1	1
3086	素晴	2	multi	2
3087	安全性	2	multi	3
3088	召	2	kanji1	1
3089	ガイド	2	multi	3
3090	妄	2	kanji1	1
3091	憂	2	kanji1	1
3092	地道	2	multi	2
3093	不公平	2	multi	3
3094	複	2	kanji1	1
3095	訴	2	kanji1	1
3096	されること	2	multi	5
3097	天空	2	multi	2
3098	ヴィ	2	multi	2
3099	厄	2	kanji1	1
3100	二手	2	multi	2
3101	カメ	2	multi	2
3102	引っ越し	2	multi	4
3103	也	2	kanji1	1
3104	充	2	kanji1	1
3105	癌	2	kanji1	1
3106	診	2	kanji1	1
3107	救援	2	multi	2
3108	藻	2	kanji1	1
3109	大量	2	multi	2
3110	死亡	2	multi	2
3111	豪	2	kanji1	1
3112	凡	2	kanji1	1
3113	治安	2	multi	2
3114	湾	2	kanji1	1
3115	入口	2	multi	2
3116	角度	2	multi	2
3117	質量	2	multi	2
3118	日前	2	multi	2
3119	流星	2	multi	2
3120	店内	2	multi	2
3121	永久	2	multi	2
3122	ベスト	2	multi	3
3123	設	2	kanji1	1
3124	づくり	2	multi	3
3125	るので	2	multi	3
3126	三角	2	multi	2
3127	途	2	kanji1	1
3128	ウォ	2	multi	2
3129	重大	2	multi	2
3130	自然界	2	multi	3
3131	上下	2	multi	2
3132	水面	2	multi	2
3133	更新	2	multi	2
3134	初期	2	multi	2
3135	インターネット	2	multi	7
3136	叩	2	kanji1	1
3137	画像	2	multi	2
3138	易	2	kanji1	1
3139	桑	2	kanji1	1
3140	用心	2	multi	2
3141	などの	2	multi	3
3142	彦	2	kanji1	1
3143	律	2	kanji1	1
3144	里	2	kanji1	1
3145	違反	2	multi	2
3146	稼	2	kanji1	1
3147	芝	2	kanji1	1
3148	コード	2	multi	3
3149	まとめ	2	multi	3
3150	儲	2	kanji1	1
3151	および	2	multi	3
3152	スーパー	2	multi	4
3153	メッセージ	2	multi	5
3154	摘	2	kanji1	1
3155	しておく	2	multi	4
3156	美容	2	multi	2
3157	宣言	2	multi	2
3158	舌	2	kanji1	1
3159	ありますが	2	multi	5
3160	十六	2	multi	2
3161	ノー	2	multi	2
3162	てしまいます	2	multi	6
3163	皇帝	2	multi	2
3164	不可能	2	multi	3
3165	筆	2	kanji1	1
3166	いただいた	2	multi	5
3167	房	2	kanji1	1
3168	銀行	2	multi	2
3169	魅力	2	multi	2
3170	アニメ	2	multi	3
3171	国籍	2	multi	2
3172	標	2	kanji1	1
3173	老人	2	multi	2
3174	その他	2	multi	3
3175	建設	2	multi	2
3176	内部	2	multi	2
3177	慈善	2	multi	2
3178	事業	2	multi	2
3179	患者	2	multi	2
3180	八年	2	multi	2
3181	を求め	2	multi	3
3182	プラス	2	multi	3
3183	習慣	2	multi	2
3184	を通	2	multi	2
3185	内の	2	multi	2
3186	海外	2	multi	2
3187	資料	2	multi	2
3188	虚弱	2	multi	2
3189	月末	2	multi	2
3190	骨折	2	multi	2
3191	斯	2	kanji1	1
3192	傍	2	kanji1	1
3193	鍋	2	kanji1	1
3194	腸	2	kanji1	1
3195	普	2	kanji1	1
3196	十七	2	multi	2
3197	ありました	2	multi	5
3198	大胆	2	multi	2
3199	研	2	kanji1	1
3200	肉体	2	multi	2
3201	隙	2	kanji1	1
3202	積極	2	multi	2
3203	爺	2	kanji1	1
3204	手続き	2	multi	3
3205	蓮	2	kanji1	1
3206	バイク	2	multi	3
3207	幼稚	2	multi	2
3208	露出	2	multi	2
3209	滋	2	kanji1	1
3210	万人	2	multi	2
3211	茄子	2	multi	2
3212	採	2	kanji1	1
3213	序	2	kanji1	1
3214	迷信	2	multi	2
3215	十八	2	multi	2
3216	慰	2	kanji1	1
3217	槌	2	kanji1	1
3218	五十	2	multi	2
3219	深刻	2	multi	2
3220	メリット	2	multi	4
3221	不便	2	multi	2
3222	不尽	2	multi	2
3223	不知	2	multi	2
3224	都市	2	multi	2
3225	るために	2	multi	4
3226	酌	2	kanji1	1
3227	推薦	2	multi	2
3228	形式	2	multi	2
3229	故障	2	multi	2
3230	だけでなく	2	multi	5
3231	人格	2	multi	2
3232	すで	2	multi	2
3233	消耗	2	multi	2
3234	食用	2	multi	2
3235	甥	2	kanji1	1
3236	侮	2	kanji1	1
3237	震	2	kanji1	1
3238	伸	2	kanji1	1
3239	縮	2	kanji1	1
3240	ディング	2	multi	4
3241	各自	2	multi	2
3242	凛	2	kanji1	1
3243	下半	2	multi	2
3244	不可	2	multi	2
3245	行為	2	multi	2
3246	性的	2	multi	2
3247	慣れ	2	multi	2
3248	感染	2	multi	2
3249	一周	2	multi	2
3250	至	2	kanji1	1
3251	ハード	2	multi	3
3252	のでしょう	2	multi	5
3253	遭遇	2	multi	2
3254	による	2	multi	3
3255	深夜	2	multi	2
3256	通行	2	multi	2
3257	義務	2	multi	2
3258	を利用して	2	multi	5
3259	刊	2	kanji1	1
3260	枝	2	kanji1	1
3261	食堂	2	multi	2
3262	されます	2	multi	4
3263	蝶	2	kanji1	1
3264	霜	2	kanji1	1
3265	幻想	2	multi	2
3266	旨	2	kanji1	1
3267	比較	2	multi	2
3268	流行	2	multi	2
3269	通過	2	multi	2
3270	と思いました	2	multi	6
3271	條	2	kanji1	1
3272	弘	2	kanji1	1
3273	整理	2	multi	2
3274	スポ	2	multi	2
3275	蝉	2	kanji1	1
3276	設定	2	multi	2
3277	ティブ	2	multi	3
3278	分解	2	multi	2
3279	濃	2	kanji1	1
3280	汁	2	kanji1	1
3281	地下	2	multi	2
3282	省	2	kanji1	1
3283	指定	2	multi	2
3284	少なく	2	multi	3
3285	零	2	kanji1	1
3286	天地	2	multi	2
3287	出血	2	multi	2
3288	庫	2	kanji1	1
3289	眩	2	kanji1	1
3290	睦	2	kanji1	1
3291	使者	2	multi	2
3292	火山	2	multi	2
3293	遂	2	kanji1	1
3294	伍	2	kanji1	1
3295	及	2	kanji1	1
3296	励	2	kanji1	1
3297	哨	2	kanji1	1
3298	山村	2	multi	2
3299	面目	2	multi	2
3300	浸	2	kanji1	1
3301	できます	2	multi	4
3302	フリー	2	multi	3
3303	お互	2	multi	2
3304	美白	2	multi	2
3305	特定	2	multi	2
3306	庶	2	kanji1	1
3307	棋	2	kanji1	1
3308	出席	2	multi	2
3309	淡	2	kanji1	1
3310	さまざまな	2	multi	5
3311	倫	2	kanji1	1
3312	キャン	2	multi	3
3313	被害	2	multi	2
3314	詩	2	kanji1	1
3315	發	2	kanji1	1
3316	粗	2	kanji1	1
3317	突破	2	multi	2
3318	ライン	2	multi	3
3319	食物	2	multi	2
3320	を持っている	2	multi	6
3321	となります	2	multi	5
3322	ポイ	2	multi	2
3323	反抗	2	multi	2
3324	奮	2	kanji1	1
3325	彩	2	kanji1	1
3326	薩	2	kanji1	1
3327	摩	2	kanji1	1
3328	藩	2	kanji1	1
3329	範	2	kanji1	1
3330	暖	2	kanji1	1
3331	嘉	2	kanji1	1
3332	四年	2	multi	2
3333	二十五	2	multi	3
3334	一手	2	multi	2
3335	傑	2	kanji1	1
3336	邸	2	kanji1	1
3337	磋	2	kanji1	1
3338	琢磨	2	multi	2
3339	弼	2	kanji1	1
3340	どのような	2	multi	5
3341	比	2	kanji1	1
3342	以後	2	multi	2
3343	平等	2	multi	2
3344	二十年	2	multi	3
3345	疾	2	kanji1	1
3346	妓	2	kanji1	1
3347	胞	2	kanji1	1
3348	偏	2	kanji1	1
3349	催	2	kanji1	1
3350	享	2	kanji1	1
3351	属	2	kanji1	1
3352	無論	2	multi	2
3353	須	2	kanji1	1
3354	瑞	2	kanji1	1
3355	帆	2	kanji1	1
3356	請求	2	multi	2
3357	出入	2	multi	2
3358	出身	2	multi	2
3359	男性	2	multi	2
3360	やすく	2	multi	3
3361	伴	2	kanji1	1
3362	冊	2	kanji1	1
3363	煮	2	kanji1	1
3364	するのが	2	multi	4
3365	芽	2	kanji1	1
3366	改装	2	multi	2
3367	バリ	2	multi	2
3368	披露	2	multi	2
3369	粘	2	kanji1	1
3370	ティング	2	multi	4
3371	を与	2	multi	2
3372	ということで	2	multi	6
3373	射手	2	multi	2
3374	殖	2	kanji1	1
3375	戚	2	kanji1	1
3376	嵯	2	kanji1	1
3377	峨	2	kanji1	1
3378	胴	2	kanji1	1
3379	大概	2	multi	2
3380	柩	2	kanji1	1
3381	王者	2	multi	2
3382	繁殖	2	multi	2
3383	膳	2	kanji1	1
3384	命名	2	multi	2
3385	鋼	2	kanji1	1
3386	創造	2	multi	2
3387	とにか	2	multi	3
3388	批	2	kanji1	1
3389	魔王	2	multi	2
3390	水晶	2	multi	2
3391	お願	2	multi	2
3392	妃	2	kanji1	1
3393	虹	2	kanji1	1
3394	抹	2	kanji1	1
3395	第七	2	multi	2
3396	第六	2	multi	2
3397	スタン	1	multi	3
3398	結合	1	multi	2
3399	民間	1	multi	2
3400	回避	1	multi	2
3401	とともに	1	multi	4
3402	最新	1	multi	2
3403	自律	1	multi	2
3404	領域	1	multi	2
3405	ッション	1	multi	4
3406	屠	1	kanji1	1
3407	僚	1	kanji1	1
3408	体内	1	multi	2
3409	雨水	1	multi	2
3410	妥	1	kanji1	1
3411	星空	1	multi	2
3412	法学	1	multi	2
3413	其	1	kanji1	1
3414	鞘	1	kanji1	1
3415	しており	1	multi	4
3416	天文	1	multi	2
3417	怨	1	kanji1	1
3418	放心	1	multi	2
3419	餅	1	kanji1	1
3420	焦	1	kanji1	1
3421	柏	1	kanji1	1
3422	地位	1	multi	2
3423	過程	1	multi	2
3424	星座	1	multi	2
3425	掛け	1	multi	2
3426	巨人	1	multi	2
3427	美貌	1	multi	2
3428	参照	1	multi	2
3429	熊	1	kanji1	1
3430	融合	1	multi	2
3431	凶	1	kanji1	1
3432	重要な	1	multi	3
3433	公子	1	multi	2
3434	防止	1	multi	2
3435	待遇	1	multi	2
3436	建築	1	multi	2
3437	椅子	1	multi	2
3438	トー	1	multi	2
3439	市の	1	multi	2
3440	糊	1	kanji1	1
3441	五百	1	multi	2
3442	砧	1	kanji1	1
3443	塞	1	kanji1	1
3444	一直	1	multi	2
3445	沸	1	kanji1	1
3446	台湾	1	multi	2
3447	方面	1	multi	2
3448	モデル	1	multi	3
3449	工業	1	multi	2
3450	防火	1	multi	2
3451	物理学	1	multi	3
3452	理性	1	multi	2
3453	殿堂	1	multi	2
3454	神秘	1	multi	2
3455	三次	1	multi	2
3456	囚	1	kanji1	1
3457	建造	1	multi	2
3458	平常	1	multi	2
3459	喪	1	kanji1	1
3460	憾	1	kanji1	1
3461	化学	1	multi	2
3462	科室	1	multi	2
3463	汀	1	kanji1	1
3464	美女	1	multi	2
3465	追求	1	multi	2
3466	シャル	1	multi	3
3467	使用	1	multi	2
3468	把握	1	multi	2
3469	隅	1	kanji1	1
3470	となっている	1	multi	6
3471	無法	1	multi	2
3472	看病	1	multi	2
3473	必要な	1	multi	3
3474	を感じ	1	multi	3
3475	活動	1	multi	2
3476	冷水	1	multi	2
3477	控	1	kanji1	1
3478	昂	1	kanji1	1
3479	略	1	kanji1	1
3480	療	1	kanji1	1
3481	弥	1	kanji1	1
3482	溜	1	kanji1	1
3483	歌舞	1	multi	2
3484	伎	1	kanji1	1
3485	第九	1	multi	2
3486	狐	1	kanji1	1
3487	項	1	kanji1	1
3488	突如	1	multi	2
3489	託	1	kanji1	1
3490	手持	1	multi	2
3491	どのように	1	multi	5
3492	一心	1	multi	2
3493	一分	1	multi	2
3494	文学	1	multi	2
3495	理事	1	multi	2
3496	品位	1	multi	2
3497	物理	1	multi	2
3498	混合	1	multi	2
3499	明星	1	multi	2
3500	腱	1	kanji1	1
3501	岩石	1	multi	2
3502	崩	1	kanji1	1
3503	体温	1	multi	2
3504	精通	1	multi	2
3505	狡	1	kanji1	1
3506	猾	1	kanji1	1
3507	公平	1	multi	2
3508	髭	1	kanji1	1
3509	剃	1	kanji1	1
3510	茜	1	kanji1	1
3511	数字	1	multi	2
3512	客人	1	multi	2
3513	同時	1	multi	2
3514	盾	1	kanji1	1
3515	藉	1	kanji1	1
3516	生物学	1	multi	3
3517	眉	1	kanji1	1
3518	身上	1	multi	2
3519	俗	1	kanji1	1
3520	吼	1	kanji1	1
3521	涌	1	kanji1	1
3522	一般人	1	multi	3
3523	媛	1	kanji1	1
3524	確保	1	multi	2
3525	探索	1	multi	2
3526	奸	1	kanji1	1
3527	愉快	1	multi	2
3528	していました	1	multi	6
3529	ようになりました	1	multi	8
3530	だったので	1	multi	5
3531	ていました	1	multi	5
3532	海水	1	multi	2
3533	臆	1	kanji1	1
3534	使用者	1	multi	3
3535	ていき	1	multi	3
3536	告知	1	multi	2
3537	当初	1	multi	2
3538	炸	1	kanji1	1
3539	表示	1	multi	2
3540	漏水	1	multi	2
3541	メディ	1	multi	3
3542	メリ	1	multi	2
3543	硬	1	kanji1	1
3544	基地	1	multi	2
3545	反映	1	multi	2
3546	窒息	1	multi	2
3547	脂肪	1	multi	2
3548	詳	1	kanji1	1
3549	不合格	1	multi	3
3550	卸	1	kanji1	1
3551	速度	1	multi	2
3552	業務	1	multi	2
3553	国内	1	multi	2
3554	開放	1	multi	2
3555	搭	1	kanji1	1
3556	地中海	1	multi	3
3557	工具	1	multi	2
3558	行われ	1	multi	3
3559	血糖	1	multi	2
3560	加工	1	multi	2
3561	分裂	1	multi	2
3562	正当	1	multi	2
3563	塵	1	kanji1	1
3564	骸	1	kanji1	1
3565	功	1	kanji1	1
3566	保温	1	multi	2
3567	肥料	1	multi	2
3568	顆	1	kanji1	1
3569	好奇心	1	multi	3
3570	旺盛	1	multi	2
3571	淡水	1	multi	2
3572	透明	1	multi	2
3573	唇	1	kanji1	1
3574	胎	1	kanji1	1
3575	稚	1	kanji1	1
3576	詳しく	1	multi	3
3577	ショップ	1	multi	4
3578	サイト	1	multi	3
3579	古典	1	multi	2
3580	表現	1	multi	2
3581	雅	1	kanji1	1
3582	烙	1	kanji1	1
3583	除去	1	multi	2
3584	還	1	kanji1	1
3585	需要	1	multi	2
3586	理科	1	multi	2
3587	答案	1	multi	2
3588	年度	1	multi	2
3589	凸	1	kanji1	1
3590	凹	1	kanji1	1
3591	形状	1	multi	2
3592	店主	1	multi	2
3593	重量	1	multi	2
3594	潤	1	kanji1	1
3595	栓	1	kanji1	1
3596	微	1	kanji1	1
3597	組織	1	multi	2
3598	般	1	kanji1	1
3599	意思	1	multi	2
3600	未婚	1	multi	2
3601	枷	1	kanji1	1
3602	女生	1	multi	2
3603	煌	1	kanji1	1
3604	眸	1	kanji1	1
3605	体型	1	multi	2
3606	災	1	kanji1	1
3607	帝国	1	multi	2
3608	保障	1	multi	2
3609	旬	1	kanji1	1
3610	未成年	1	multi	3
3611	菅	1	kanji1	1
3612	原文	1	multi	2
3613	ありがとうござ	1	multi	7
3614	当年	1	multi	2
3615	お金を	1	multi	3
3616	父母	1	multi	2
3617	舷	1	kanji1	1
3618	商用	1	multi	2
3619	いますが	1	multi	4
3620	力学	1	multi	2
3621	基	1	kanji1	1
3622	郊	1	kanji1	1
3623	典	1	kanji1	1
3624	規模	1	multi	2
3625	二次	1	multi	2
3626	三個	1	multi	2
3627	直径	1	multi	2
3628	献	1	kanji1	1
3629	十年前	1	multi	3
3630	地点	1	multi	2
3631	蘇	1	kanji1	1
3632	巡航	1	multi	2
3633	些	1	kanji1	1
3634	一刻	1	multi	2
3635	詳細	1	multi	2
3636	工作	1	multi	2
3637	同時に	1	multi	3
3638	排除	1	multi	2
3639	昌	1	kanji1	1
3640	突破口	1	multi	3
3641	一個人	1	multi	3
3642	可能です	1	multi	4
3643	奇妙	1	multi	2
3644	層	1	kanji1	1
3645	英雄	1	multi	2
3646	背景	1	multi	2
3647	問い	1	multi	2
3648	延	1	kanji1	1
3649	黄	1	kanji1	1
3650	敢	1	kanji1	1
3651	主人公	1	multi	3
3652	莽	1	kanji1	1
3653	っていて	1	multi	4
3654	周期	1	multi	2
3655	と思っています	1	multi	7
3656	はもちろん	1	multi	5
3657	豚	1	kanji1	1
3658	弓	1	kanji1	1
3659	考え方	1	multi	3
3660	化石	1	multi	2
3661	寅	1	kanji1	1
3662	半月	1	multi	2
3663	幽	1	kanji1	1
3664	泥	1	kanji1	1
3665	故意	1	multi	2
3666	牛肉	1	multi	2
3667	有意	1	multi	2
3668	煉	1	kanji1	1
3669	嗅	1	kanji1	1
3670	不出	1	multi	2
3671	正文	1	multi	2
3672	泰	1	kanji1	1
3673	黄金	1	multi	2
3674	新型	1	multi	2
3675	に向けて	1	multi	4
3676	作物	1	multi	2
3677	沼	1	kanji1	1
3678	渚	1	kanji1	1
3679	唐	1	kanji1	1
3680	成果	1	multi	2
3681	捕捉	1	multi	2
3682	執行	1	multi	2
3683	掴	1	kanji1	1
3684	であれば	1	multi	4
3685	郡	1	kanji1	1
3686	独立	1	multi	2
3687	大使	1	multi	2
3688	慌	1	kanji1	1
3689	高等	1	multi	2
3690	募	1	kanji1	1
3691	株	1	kanji1	1
3692	灰色	1	multi	2
3693	があるので	1	multi	5
3694	呼ばれ	1	multi	3
3695	澄	1	kanji1	1
3696	酢	1	kanji1	1
3697	便秘	1	multi	2
3698	孤独	1	multi	2
3699	感激	1	multi	2
3700	巾	1	kanji1	1
3701	婚姻	1	multi	2
3702	前途	1	multi	2
3703	怠	1	kanji1	1
3704	理想的	1	multi	3
3705	姑	1	kanji1	1
3706	立体	1	multi	2
3707	メント	1	multi	3
3708	エネルギー	1	multi	5
3709	物体	1	multi	2
3710	行使	1	multi	2
3711	侵略	1	multi	2
3712	翔	1	kanji1	1
3713	健全	1	multi	2
3714	フォー	1	multi	3
3715	軟	1	kanji1	1
3716	王国	1	multi	2
3717	留学	1	multi	2
3718	不得	1	multi	2
3719	判定	1	multi	2
3720	盆	1	kanji1	1
3721	環	1	kanji1	1
3722	私人	1	multi	2
3723	既	1	kanji1	1
3724	成立	1	multi	2
3725	手中	1	multi	2
3726	享受	1	multi	2
3727	是	1	kanji1	1
3728	慈悲	1	multi	2
3729	心境	1	multi	2
3730	消失	1	multi	2
3731	孔	1	kanji1	1
3732	李	1	kanji1	1
3733	所属	1	multi	2
3734	化合	1	multi	2
3735	主旨	1	multi	2
3736	這	1	kanji1	1
3737	魅	1	kanji1	1
3738	附属	1	multi	2
3739	菖	1	kanji1	1
3740	蒲	1	kanji1	1
3741	前提	1	multi	2
3742	趣	1	kanji1	1
3743	雀	1	kanji1	1
3744	如何	1	multi	2
3745	均衡	1	multi	2
3746	塊	1	kanji1	1
3747	文字	1	multi	2
3748	続きを	1	multi	3
3749	甦	1	kanji1	1
3750	至上	1	multi	2
3751	ニュー	1	multi	3
3752	人心	1	multi	2
3753	日常	1	multi	2
3754	眼球	1	multi	2
3755	岳	1	kanji1	1
3756	睨	1	kanji1	1
3757	不断	1	multi	2
3758	ブラック	1	multi	4
3759	紐	1	kanji1	1
3760	訊	1	kanji1	1
3761	掛	1	kanji1	1
3762	紋	1	kanji1	1
3763	性能	1	multi	2
3764	困難	1	multi	2
3765	糖	1	kanji1	1
3766	瓶	1	kanji1	1
3767	テーマ	1	multi	3
3768	提出	1	multi	2
3769	容量	1	multi	2
3770	世代	1	multi	2
3771	イベント	1	multi	4
3772	理論	1	multi	2
3773	失望	1	multi	2
3774	保存	1	multi	2
3775	ましたが	1	multi	4
3776	進め	1	multi	2
3777	征服	1	multi	2
3778	奏	1	kanji1	1
3779	とのこと	1	multi	4
3780	淀	1	kanji1	1
3781	年初	1	multi	2
3782	称号	1	multi	2
3783	聚	1	kanji1	1
3784	侯	1	kanji1	1
3785	双眼	1	multi	2
3786	作者	1	multi	2
3787	再生	1	multi	2
3788	地域	1	multi	2
3789	憑	1	kanji1	1
3790	込まれ	1	multi	3
3791	叱	1	kanji1	1
3792	杞	1	kanji1	1
3793	凱	1	kanji1	1
3794	旋	1	kanji1	1
3795	抵抗	1	multi	2
3796	防空	1	multi	2
3797	威力	1	multi	2
3798	爽	1	kanji1	1
3799	航行	1	multi	2
3800	傾	1	kanji1	1
3801	落下	1	multi	2
3802	動作	1	multi	2
3803	を選ぶ	1	multi	3
3804	挫折	1	multi	2
3805	しっかりと	1	multi	5
3806	接触	1	multi	2
3807	内心	1	multi	2
3808	人事	1	multi	2
3809	合理的	1	multi	3
3810	独自	1	multi	2
3811	液	1	kanji1	1
3812	几	1	kanji1	1
3813	黄色	1	multi	2
3814	ファッション	1	multi	6
3815	班	1	kanji1	1
3816	葛	1	kanji1	1
3817	天然	1	multi	2
3818	行事	1	multi	2
3819	における	1	multi	4
3820	中国	1	multi	2
3821	グループ	1	multi	4
3822	分け	1	multi	2
3823	であること	1	multi	5
3824	も多い	1	multi	3
3825	遷	1	kanji1	1
3826	新年	1	multi	2
3827	幹	1	kanji1	1
3828	以内	1	multi	2
3829	貝	1	kanji1	1
3830	垂	1	kanji1	1
3831	均	1	kanji1	1
3832	一定	1	multi	2
3833	消毒	1	multi	2
3834	一世	1	multi	2
3835	一代	1	multi	2
3836	一段	1	multi	2
3837	虐	1	kanji1	1
3838	おすすめ	1	multi	4
3839	掌	1	kanji1	1
3840	僭	1	kanji1	1
3841	宗教	1	multi	2
3842	支援	1	multi	2
3843	共同	1	multi	2
3844	放出	1	multi	2
3845	遁	1	kanji1	1
3846	十四五	1	multi	3
3847	碑	1	kanji1	1
3848	一種	1	multi	2
3849	旺	1	kanji1	1
3850	唔	1	kanji1	1
3851	該	1	kanji1	1
3852	會	1	kanji1	1
3853	瘴	1	kanji1	1
3854	電子	1	multi	2
3855	製作	1	multi	2
3856	問い合わせ	1	multi	5
3857	具体的	1	multi	3
3858	を中心に	1	multi	4
3859	切断	1	multi	2
3860	これら	1	multi	3
3861	汝	1	kanji1	1
3862	られています	1	multi	6
3863	悸	1	kanji1	1
3864	丈	1	kanji1	1
3865	非常に	1	multi	3
3866	頂き	1	multi	2
3867	顧	1	kanji1	1
3868	理念	1	multi	2
3869	高山	1	multi	2
3870	六十	1	multi	2
3871	鐘	1	kanji1	1
3872	方便	1	multi	2
3873	不服	1	multi	2
3874	指南	1	multi	2
3875	眼中	1	multi	2
3876	女人	1	multi	2
3877	交流	1	multi	2
3878	媒	1	kanji1	1
3879	夭	1	kanji1	1
3880	真心	1	multi	2
3881	叙述	1	multi	2
3882	二十四	1	multi	3
3883	思想	1	multi	2
3884	肖	1	kanji1	1
3885	偶	1	kanji1	1
3886	請	1	kanji1	1
3887	矛盾	1	multi	2
3888	咸	1	kanji1	1
3889	悼	1	kanji1	1
3890	民族	1	multi	2
3891	皇	1	kanji1	1
3892	逸	1	kanji1	1
3893	輔	1	kanji1	1
3894	至尊	1	multi	2
3895	天下	1	multi	2
3896	仰	1	kanji1	1
3897	揮	1	kanji1	1
3898	毫	1	kanji1	1
3899	捻	1	kanji1	1
3900	七月	1	multi	2
3901	安静	1	multi	2
3902	一遍	1	multi	2
3903	追随	1	multi	2
3904	通用	1	multi	2
3905	滞	1	kanji1	1
3906	透	1	kanji1	1
3907	槍	1	kanji1	1
3908	目前	1	multi	2
3909	世界的	1	multi	3
3910	近代	1	multi	2
3911	女神	1	multi	2
3912	微笑	1	multi	2
3913	罵	1	kanji1	1
3914	三位	1	multi	2
3915	肋	1	kanji1	1
3916	膜	1	kanji1	1
3917	排	1	kanji1	1
3918	駐	1	kanji1	1
3919	典型的	1	multi	3
3920	することは	1	multi	5
3921	信号	1	multi	2
3922	鼓	1	kanji1	1
3923	康	1	kanji1	1
3924	稽	1	kanji1	1
3925	左手	1	multi	2
3926	については	1	multi	5
3927	伺	1	kanji1	1
3928	担	1	kanji1	1
3929	同年	1	multi	2
3930	関わ	1	multi	2
3931	健	1	kanji1	1
3932	五大	1	multi	2
3933	冒	1	kanji1	1
3934	致命	1	multi	2
3935	を与え	1	multi	3
3936	咆	1	kanji1	1
3937	哮	1	kanji1	1
3938	沿	1	kanji1	1
3939	成就	1	multi	2
3940	漠	1	kanji1	1
3941	噴	1	kanji1	1
3942	靖	1	kanji1	1
3943	再度	1	multi	2
3944	紫外	1	multi	2
3945	同一	1	multi	2
3946	不通	1	multi	2
3947	代理	1	multi	2
3948	征	1	kanji1	1
3949	多数	1	multi	2
3950	香水	1	multi	2
3951	模型	1	multi	2
3952	菌	1	kanji1	1
3953	汚れ	1	multi	2
3954	も多く	1	multi	3
3955	心底	1	multi	2
3956	爬	1	kanji1	1
3957	推理	1	multi	2
3958	に関する	1	multi	4
3959	ローン	1	multi	3
3960	申し込み	1	multi	4
3961	に対	1	multi	2
3962	分手	1	multi	2
3963	コメント	1	multi	4
3964	が増え	1	multi	3
3965	限度	1	multi	2
3966	を目指	1	multi	3
3967	刈	1	kanji1	1
3968	修正	1	multi	2
3969	貼	1	kanji1	1
3970	尖	1	kanji1	1
3971	一般的	1	multi	3
3972	境内	1	multi	2
3973	させて頂	1	multi	4
3974	生態	1	multi	2
3975	史	1	kanji1	1
3976	インド	1	multi	3
3977	楽しめる	1	multi	4
3978	灸	1	kanji1	1
3979	ある程度	1	multi	4
3980	器具	1	multi	2
3981	改造	1	multi	2
3982	覆	1	kanji1	1
3983	墨	1	kanji1	1
3984	赦	1	kanji1	1
3985	褒	1	kanji1	1
3986	ニング	1	multi	3
3987	整体	1	multi	2
3988	追究	1	multi	2
3989	錯誤	1	multi	2
3990	年末	1	multi	2
3991	部分	1	multi	2
3992	漂	1	kanji1	1
3993	牡	1	kanji1	1
3994	是否	1	multi	2
3995	首相	1	multi	2
3996	中心	1	multi	2
3997	隻	1	kanji1	1
3998	三十	1	multi	2
3999	武装	1	multi	2
4000	解答	1	multi	2
4001	航空	1	multi	2
4002	海上	1	multi	2
4003	感触	1	multi	2
4004	といっても	1	multi	5
4005	神通	1	multi	2
4006	蓑	1	kanji1	1
4007	祟	1	kanji1	1
4008	一族	1	multi	2
4009	西洋	1	multi	2
4010	ておく	1	multi	3
4011	中部	1	multi	2
4012	老師	1	multi	2
4013	吏	1	kanji1	1
4014	寡	1	kanji1	1
4015	楊	1	kanji1	1
4016	院子	1	multi	2
4017	一事	1	multi	2
4018	万事	1	multi	2
4019	患	1	kanji1	1
4020	を利用する	1	multi	5
4021	慕	1	kanji1	1
4022	ております	1	multi	5
4023	抑え	1	multi	2
4024	烈	1	kanji1	1
4025	抑	1	kanji1	1
4026	愁	1	kanji1	1
4027	棺	1	kanji1	1
4028	桶	1	kanji1	1
4029	琵	1	kanji1	1
4030	琶	1	kanji1	1
4031	西域	1	multi	2
4032	索	1	kanji1	1
4033	胡	1	kanji1	1
4034	苗	1	kanji1	1
4035	獲	1	kanji1	1
4036	三方	1	multi	2
4037	オリ	1	multi	2
4038	禄	1	kanji1	1
4039	濡	1	kanji1	1
4040	媚	1	kanji1	1
4041	重度	1	multi	2
4042	衰	1	kanji1	1
4043	据	1	kanji1	1
4044	ってしまいます	1	multi	7
4045	ハウス	1	multi	3
4046	頓	1	kanji1	1
4047	挫	1	kanji1	1
4048	寝室	1	multi	2
4049	進行	1	multi	2
4050	晃	1	kanji1	1
4051	嗣	1	kanji1	1
4052	斗	1	kanji1	1
4053	殉	1	kanji1	1
4054	不用	1	multi	2
4055	新た	1	multi	2
4056	俳	1	kanji1	1
4057	副作用	1	multi	3
4058	信念	1	multi	2
4059	指令	1	multi	2
4060	平均	1	multi	2
4061	携	1	kanji1	1
4062	移植	1	multi	2
4063	異なる	1	multi	3
4064	紫色	1	multi	2
4065	当代	1	multi	2
4066	當	1	kanji1	1
4067	分別	1	multi	2
4068	日照	1	multi	2
4069	お勧め	1	multi	3
4070	ことが多い	1	multi	5
4071	住宅	1	multi	2
4072	出現	1	multi	2
4073	肺炎	1	multi	2
4074	てしまって	1	multi	5
4075	展望	1	multi	2
4076	ユー	1	multi	2
4077	史上最	1	multi	3
4078	中的	1	multi	2
4079	攻略	1	multi	2
4080	博物	1	multi	2
4081	欲望	1	multi	2
4082	感知	1	multi	2
4083	人家	1	multi	2
4084	平民	1	multi	2
4085	定期	1	multi	2
4086	朔	1	kanji1	1
4087	成熟	1	multi	2
4088	平安	1	multi	2
4089	西方	1	multi	2
4090	過ご	1	multi	2
4091	ルド	1	multi	2
4092	というのが	1	multi	5
4093	白衣	1	multi	2
4094	投資	1	multi	2
4095	杉	1	kanji1	1
4096	檀	1	kanji1	1
4097	溢	1	kanji1	1
4098	密度	1	multi	2
4099	行列	1	multi	2
4100	在校	1	multi	2
4101	被	1	kanji1	1
4102	民俗	1	multi	2
4103	祖	1	kanji1	1
4104	表面	1	multi	2
4105	暢	1	kanji1	1
4106	急性	1	multi	2
4107	ですので	1	multi	4
4108	炭	1	kanji1	1
4109	表彰	1	multi	2
4110	かどう	1	multi	3
4111	改善	1	multi	2
4112	必須	1	multi	2
4113	アイテム	1	multi	4
4114	工作室	1	multi	3
4115	知識	1	multi	2
4116	第八	1	multi	2
4117	現代	1	multi	2
4118	適合	1	multi	2
4119	命中	1	multi	2
4120	ご利用	1	multi	3
4121	六年	1	multi	2
4122	認識	1	multi	2
4123	残酷	1	multi	2
4124	一味	1	multi	2
4125	第四	1	multi	2
4126	真相	1	multi	2
4127	私服	1	multi	2
4128	女装	1	multi	2
4129	保安	1	multi	2
4130	アウ	1	multi	2
4131	同志	1	multi	2
4132	教会	1	multi	2
