# cold Qwen pieces of dialogue_2_10.tsv (--phrase_norm 1) against step1_0920's inventory, 2026-09-20
# rank	piece	lines	class	glyphs	greedy_rank (completes-most-lines order, first 150)
1	って	1716	hira	2	2
2	じゃ	1259	hira	2	6
3	んだ	1231	hira	2	18
4	ない	1163	hira	2	11
5	いい	1072	hira	2	3
6	から	1048	hira	2	28
7	さん	983	hira	2	4
8	った	892	hira	2	5
9	でも	739	hira	2	12
10	ちゃん	738	hira	3	1
11	して	707	hira	2	32
12	この	686	hira	2	19
13	どう	665	hira	2	30
14	そう	639	hira	2	8
15	した	628	hira	2	31
16	なんだ	513	hira	3	7
17	もう	512	hira	2	13
18	なん	507	hira	2	26
19	じゃない	504	hira	4	43
20	です	499	hira	2	35
21	そんな	462	hira	3	24
22	それ	457	hira	2	23
23	あの	452	hira	2	10
24	その	434	hira	2	50
25	のか	429	hira	2	57
26	ちょっと	410	hira	4	14
27	だから	389	hira	3	49
28	こと	382	hira	2	66
29	これ	378	hira	2	22
30	する	375	hira	2	70
31	いつ	374	hira	2	17
32	いた	373	hira	2	16
33	いや	360	hira	2	9
34	いて	355	hira	2	36
35	だった	334	hira	3	58
36	けど	329	hira	2	83
37	っと	325	hira	2	21
38	また	319	hira	2	37
39	かった	314	hira	3	15
40	ってる	312	hira	3	54
41	んな	310	hira	2	33
42	さい	305	hira	2	34
43	ちゃ	303	hira	2	25
44	には	293	hira	2	143
45	かな	293	hira	2	29
46	しい	291	hira	2	40
47	こんな	284	hira	3	92
48	ここ	284	hira	2	39
49	だって	281	hira	3	48
50	なの	271	hira	2	44
51	まだ	270	hira	2	65
52	なんて	269	hira	3	86
53	あれ	259	hira	2	20
54	なら	257	hira	2	84
55	んで	247	hira	2	91
56	あなた	242	hira	3	64
57	よう	240	hira	2	85
58	なかった	238	hira	4	113
59	どこ	237	hira	2	47
60	っち	237	hira	2	27
61	もの	229	hira	2	121
62	たい	228	hira	2	124
63	だけ	227	hira	2	118
64	やって	227	hira	3	46
65	なんか	226	hira	3	69
66	死	224	kanji1	1	59
67	んです	223	hira	3	71
68	いる	221	hira	2	80
69	まで	220	hira	2	126
70	しか	219	hira	2	73
71	ですか	219	hira	3	52
72	では	215	hira	2	147
73	くん	215	hira	2	
74	こう	211	hira	2	101
75	さま	211	hira	2	75
76	っちゃ	206	hira	3	87
77	にも	203	hira	2	
78	丈夫	202	kanji+	2	41
79	のは	200	hira	2	
80	太	199	kanji1	1	
81	めて	196	hira	2	116
82	父	196	kanji1	1	62
83	誰	193	kanji1	1	45
84	好き	193	kanji+	2	67
85	のに	192	hira	2	
86	よく	190	hira	2	94
87	わたし	190	hira	3	108
88	ます	185	hira	2	
89	ある	182	hira	2	125
90	けて	181	hira	2	106
91	くれ	181	hira	2	117
92	それは	180	hira	3	56
93	みたい	177	hira	3	109
94	れて	173	hira	2	
95	なんで	172	hira	3	38
96	しく	169	hira	2	115
97	これは	168	hira	3	63
98	ただ	168	hira	2	129
99	言って	161	kanji+	3	72
100	よね	160	hira	2	119
101	まあ	158	hira	2	55
102	郎	154	kanji1	1	
103	１	153	other	1	
104	逃	152	kanji1	1	60
105	ント	151	kata	2	51
106	２	151	other	1	
107	とか	149	hira	2	
108	ろう	149	hira	2	100
109	ください	148	hira	4	150
110	先生	148	kanji+	2	95
111	早く	147	kanji+	2	102
112	にな	147	hira	2	
113	名	146	kanji1	1	90
114	ません	146	hira	3	128
115	ですよ	146	hira	3	139
116	おい	145	hira	2	42
117	みんな	145	hira	3	77
118	そうだ	144	hira	3	53
119	今日	143	kanji+	2	
120	きた	142	hira	2	105
121	アイ	142	kata	2	78
122	とは	140	hira	2	
123	いま	135	hira	2	130
124	いった	134	hira	3	68
125	空	134	kanji1	1	112
126	しない	132	hira	3	
127	行く	132	kanji+	2	61
128	えて	132	hira	2	137
129	がある	131	hira	3	
130	私は	131	kanji+	2	132
131	悪い	129	kanji+	2	142
132	何か	128	kanji+	2	133
133	してる	128	hira	3	
134	かい	128	hira	2	111
135	のお	128	hira	2	
136	あげ	127	hira	2	
137	える	127	hira	2	
138	てる	126	hira	2	
139	ですね	126	hira	3	
140	します	125	hira	3	
141	ねぇ	125	hira	2	82
142	来た	124	kanji+	2	96
143	小	124	kanji1	1	
144	だろう	122	hira	3	
145	のだ	122	hira	2	
146	だけど	122	hira	3	136
147	しな	121	hira	2	
148	よかった	121	hira	4	81
149	ったら	120	hira	3	
150	そこ	118	hira	2	123
151	たら	118	hira	2	
152	つか	118	hira	2	127
153	なる	118	hira	2	
154	ました	117	hira	3	
155	やっぱり	117	hira	4	76
156	より	115	hira	2	
157	奴	114	kanji1	1	
158	友	113	kanji1	1	
159	れた	112	hira	2	
160	れる	112	hira	2	
161	わけ	111	hira	2	
162	わか	111	hira	2	93
163	いない	111	hira	3	98
164	になる	111	hira	3	
165	おか	111	hira	2	74
166	いか	111	hira	2	146
167	すごい	110	hira	3	120
168	道	110	kanji1	1	
169	ける	109	hira	2	
170	山	109	kanji1	1	
171	っき	108	hira	2	
172	いく	108	hira	2	79
173	田	108	kanji1	1	
174	助	107	kanji1	1	107
175	くる	107	hira	2	
176	たち	106	hira	2	
177	ール	106	kata	2	
178	とも	106	hira	2	
179	しゃ	106	hira	2	97
180	野	105	kanji1	1	
181	神	105	kanji1	1	
182	のこと	105	hira	3	
183	せて	105	hira	2	
184	言う	104	kanji+	2	103
185	もっと	104	hira	3	
186	なく	104	hira	2	
187	んじゃない	102	hira	5	
188	屋	102	kanji1	1	
189	それが	102	hira	3	135
190	まい	101	hira	2	138
191	なくて	100	hira	3	
192	しま	100	hira	2	114
193	見て	100	kanji+	2	99
194	学校	100	kanji+	2	
195	あった	99	hira	3	134
196	失	98	kanji1	1	
197	そして	97	hira	3	
198	れば	96	hira	2	
199	ダメ	96	kata	2	88
200	形	96	kanji1	1	
201	してくれ	95	hira	4	
202	の人	95	kanji+	2	
203	こん	95	hira	2	
204	かない	94	hira	3	
205	いで	94	hira	2	144
206	時間	94	kanji+	2	
207	本当に	94	kanji+	3	
208	星	93	kanji1	1	
209	わり	92	hira	2	
210	私の	92	kanji+	2	
211	場	92	kanji1	1	
212	らしい	92	hira	3	
213	こそ	92	hira	2	
214	らない	92	hira	3	
215	きて	92	hira	2	131
216	礼	92	kanji1	1	
217	にして	91	hira	3	
218	いつも	91	hira	3	
219	したら	90	hira	3	
220	泣	90	kanji1	1	
221	しよう	90	hira	3	141
222	今日は	90	kanji+	3	
223	森	90	kanji1	1	
224	娘	89	kanji1	1	
225	ちょ	87	hira	2	89
226	殺	87	kanji1	1	
227	んだけど	87	hira	4	
228	考え	87	kanji+	2	
229	あと	87	hira	2	
230	ット	86	kata	2	
231	まま	86	hira	2	
232	くな	85	hira	2	
233	あり	84	hira	2	
234	でしょう	84	hira	4	
235	世	84	kanji1	1	
236	ちは	84	hira	2	
237	残	84	kanji1	1	
238	信じ	84	kanji+	2	
239	食べ	84	kanji+	2	
240	樹	84	kanji1	1	
241	返	83	kanji1	1	
242	になって	83	hira	4	
243	気が	82	kanji+	2	
244	お願い	82	kanji+	3	
245	出て	81	kanji+	2	149
246	夢	81	kanji1	1	
247	われ	81	hira	2	
248	３	81	other	1	
249	聞いて	81	kanji+	3	
250	ほど	81	hira	2	
251	という	80	hira	3	
252	だが	80	hira	2	
253	ことは	80	hira	3	
254	ずっと	80	hira	3	
255	笑	80	kanji1	1	140
256	えた	79	hira	2	
257	急	79	kanji1	1	148
258	と思って	79	kanji+	4	
259	少し	79	kanji+	2	
260	天	79	kanji1	1	
261	人の	79	kanji+	2	
262	そういう	79	hira	4	
263	がない	78	hira	3	
264	かも	78	hira	2	
265	っている	78	hira	4	
266	しっ	78	hira	2	
267	これから	77	hira	4	
268	ところ	77	hira	3	
269	行って	77	kanji+	3	
270	人は	77	kanji+	2	
271	わない	77	hira	3	
272	っこ	76	hira	2	
273	本当	76	kanji+	2	
274	きっと	76	hira	3	
275	配	76	kanji1	1	
276	試	76	kanji1	1	
277	さんの	76	hira	3	
278	にお	76	hira	2	
279	なぁ	76	hira	2	
280	ート	75	kata	2	
281	はず	75	hira	2	
282	いう	75	hira	2	
283	なぜ	75	hira	2	
284	まって	74	hira	3	
285	ック	74	kata	2	
286	葉	74	kanji1	1	
287	違う	74	kanji+	2	104
288	ありがとう	74	hira	5	122
289	来る	73	kanji+	2	
290	見た	73	kanji+	2	
291	つもり	73	hira	3	
292	ても	73	hira	2	
293	のが	73	hira	2	
294	これが	72	hira	3	
295	られた	72	hira	3	
296	でした	72	hira	3	
297	ありが	72	hira	3	110
298	ちゃんと	71	hira	4	
299	シャ	71	kata	2	
300	木	71	kanji1	1	
