count	axis	en	ja_current	via	mt_ja	alts	candidates
14754	general	1girl	女の子1人	mt_unverified	女の子1人	ガール|女の人|ガールズ|女スパイ	女の子(wiki)|ガール(wiki)|女の人(wiki)|女の子1人(mt)|女(tagpair)|少女(tagpair)
10634	general	blush	赤面	wiki_verified	顔の赤み	赤面|紅潮	赤面(wiki)|頬染め(wiki)|顔の赤み(mt)|紅潮(wiki)
10429	general	explicit	露骨な性描写	rating			
9536	general	long hair	長い髪	mt_verified	長い髪	ロングヘア|黒髪ロング|金髪ロング|茶髪ロング	長い髪(wiki)|ロングヘア(wiki)|ロングヘアー(tagpair)|長髪(tagpair)|黒髪ロング(wiki)
7670	general	looking at viewer	カメラ目線	override			
7264	general	nipples	乳首	mt_unverified	乳首	乳首	乳首出し(wiki)|乳首(wiki)
7085	general	1boy	男の子1人	mt_unverified	男の子1人	男の娘|男|少年|男子	男の子(wiki)|男の娘(wiki)|男の子1人(mt)|男(wiki)|少年(tagpair)
6442	general	censored	修正あり	mt_unverified	修正あり		モザイク修正(tagpair)|修正あり(mt)|修正(tagpair)
6407	general	hetero	ヘテロ	wiki_verified	異性愛	男女カプ|イナゴ男女カプ|男の娘×女の子|男女	ヘテロ(wiki)|男女カプ(wiki)|イナゴ男女カプ(wiki)|異性愛(tagpair)
6356	general	open mouth	口を開ける	override		開いた口|開口	
6258	general	solo	ソロ	wiki_verified	一人	ひとり	ソロ(wiki)|ひとり(wiki)|一人(mt)
6111	general	large breasts	巨乳	mt_unverified	巨乳	デカパイ|ガキ巨乳|でかぱい|ロリ巨乳	巨乳(tagpair)|デカ乳(wiki)|デカパイ(wiki)|ガキ巨乳(wiki)
6041	general	navel	へそ	wiki_verified	へその印	おへそ|浅へそ|へそ出し|へそチラ	へそ(wiki)|おへそ(wiki)|浅へそ(wiki)|へその印(mt)
5460	general	penis	ペニス	mt_verified	ペニス	チンコ|ちんこ|黒チンポ|汚ちんぽ	ペニス(wiki)|チンコ(wiki)|ちんこ(wiki)|陰茎(tagpair)
4919	general	pussy	おまんこ	mt_unverified	おまんこ	おまんこ|グロマン|膣|小穴	まんこ(wiki)|おまんこ(wiki)|グロマン(wiki)|女性器(tagpair)
4430	general	sex	セックス	wiki_verified	セクシー	セックス|キスハメ|首絞めックス|トイレセックス	セックス(wiki)|中出し(wiki)|キスハメ(wiki)|セクシー(mt)|性交(tagpair)
4220	general	sweat	汗	mt_verified	汗	汗水|汗液	汗(wiki)|汗水(wiki)|汗液(wiki)|汗だく(tagpair)
4211	general	black hair	黒髪	mt_verified	黒髪	黒髪ロング|黒髪エルフ|黒髪ショート|黒髪超ロング	黒髪(tagpair)|黒髪ロング(wiki)|黒髪エルフ(wiki)|黒髪ボブ(wiki)
4126	general	smile	笑顔	override		笑い|笑み|微笑み|微笑む	
4070	general	ass	お尻	mt_unverified	お尻	おしり|けつね|尻出し|極上の尻	お尻(wiki)|おしり(wiki)|けつね(wiki)|尻(tagpair)
3652	general	underwear	下着	mt_verified	下着	下着ジャージ|下着ワイシャツ|下着|肌着	下着(tagpair)|肌着(tagpair)|下着ジャージ(wiki)|下着ワイシャツ(wiki)|下着コート(wiki)
3571	general	simple background	シンプルな背景	mt_verified	シンプルな背景		シンプルな背景(tagpair)|シンプルな背景画(tagpair)
3556	general	breasts	おっぱい	tagpair_verified	巨乳	ドヤ乳|沖ぱい|おっぱい|極上の乳	おっぱい(tagpair)|ドヤ乳(wiki)|巨乳(mt)|どや乳(wiki)|沖ぱい(wiki)|胸(tagpair)
3540	general	thighs	太もも	mt_verified	太もも	ふともも|魅惑の太もも|ふとももの罠|極上の太もも	太もも(wiki)|ふともも(wiki)|魅惑の太もも(wiki)
3523	general	small breasts	貧乳	override		ちっぱい|極上の貧乳|ペチャパイ|微乳	
3447	copyright	original	自キャラ	wiki		オリ刀剣|うちの子|うちの娘|オリフレ	
3404	general	blue eyes	青い目	override		碧眼|金髪碧眼|金髮碧眼|銀髪碧眼	
3351	general	hair ornament	髪飾り	mt_verified	髪飾り		髪飾り(wiki)
3319	general	short hair	ショートヘア	mt_verified	ショートヘア	黒髪ショート|金髪ショート|ショートカット|短髪	ショートヘア(wiki)|短髪(tagpair)|黒髪ショート(wiki)|金髪ショート(wiki)
3137	general	sensitive	センシティブ	rating			
3127	general	nsfw	成人向け	rating			
3056	general	white background	白い背景	mt_verified	白い背景	白色背景	白い背景(mt)|白背景(wiki)|白色背景(wiki)
3023	general	bar censor	バー修正	override		海苔	
3010	general	lying	横になる	mt_unverified	横になる	寝そべる|横になる|寝転がる|うつぶせ	寝そべり(wiki)|寝そべる(wiki)|横になる(wiki)
2943	general	solo focus	ソロフォーカス	tagpair_verified	一人フォーカス		ソロフォーカス(tagpair)|一人フォーカス(mt)|一人集中(tagpair)
2899	general	brown hair	茶髪	override		茶髪ロング|褐毛|茶髪爆乳	
2894	general	vaginal	膣	mt_unverified	膣		膣の(wiki)|膣(mt)
2836	general	medium breasts	普通の胸	mt_unverified	普通の胸	普通乳	普乳(wiki)|普通の胸(mt)|普通乳(wiki)
2780	general	loli	ロリ	mt_verified	ロリ	ペド|ロリフ|合法ロリ|おねロリ	ロリ(wiki)|ペド(wiki)|ロリフ(wiki)
2765	general	cum	精液	mt_unverified	精液	精液	ザーメン(wiki)|精液(wiki)
2742	general	nude	ヌード	wiki_verified	裸体	袖だけ|裸ニーソ|裸立ち絵|ほぼ全裸	ヌード(wiki)|袖だけ(wiki)|裸ニーソ(wiki)|裸体(mt)|裸(tagpair)
2716	general	spread legs	開脚	wiki_verified	脚を広げる	開脚|M字開脚|V字開脚|L字開脚	開脚(wiki)|脚を広げる(mt)|大股開き(wiki)
2603	general	mosaic censoring	モザイク修正あり	mt_unverified	モザイク修正あり		モザイク(wiki)|モザイク修正あり(mt)
2547	general	collarbone	鎖骨	mt_unverified	鎖骨		鎖骨(wiki)
2509	general	twintails	ツインテール	mt_verified	ツインテール	ツインテ|2つくくり|ツインテール|ツインテ―ル	ツインテール(tagpair)|二つ結い(wiki)|ツインテ(wiki)|2つくくり(wiki)
2505	general	blonde hair	金髪ショート	wiki_verified	金髪	金髪ロング|金髪ショート|金髪ツインテール|金髪ポニーテール	金髪ショート(wiki)|ブロンド(wiki)|金髪(tagpair)|金髪ロング(wiki)
2501	general	completely nude	全裸	mt_unverified	全裸	全裸(ヌード)|髪飾り以外完全裸|生まれたままの姿(産まれたままの姿)|全裸	全裸(ヌード)(wiki)|髪飾り以外完全裸(wiki)|すっぽんぽん(wiki)|生まれたままの姿(tagpair)|全裸(tagpair)
2466	general	heart	ハート	mt_verified	ハート	ハート形	ハート(wiki)|ハート形(wiki)
2436	general	swimsuit	水着	mt_unverified	水着	水着ウマ娘|水着ニーソ|水着コート|スク水下ろし	エロ水着(wiki)|水着ウマ娘(wiki)|水着ニーソ(wiki)|水着(tagpair)
2318	general	indoors	室内	mt_verified	室内	部屋|室内|屋内	室内(wiki)|屋内(tagpair)|インテリア(wiki)|部屋(wiki)
2287	general	bare shoulders	肩出し	mt_unverified	肩出し	ベアトップ|露肩|露肩装	肩出し(wiki)|露肩(wiki)|ベアトップ(wiki)
2216	general	closed mouth	口を閉じる	override			
2194	general	red eyes	赤い目	mt_verified	赤い目	赤目|赤眼|赤瞳|銀髪赤眼	赤い目(wiki)|赤目(wiki)|赤眼(wiki)
2159	general	animal ears	獣耳	override		ケモ耳|けもみみ|ケモミミ|ケモノ耳	
2138	general	on back	後ろ姿	mt_unverified	後ろ姿	仰臥	仰向け(wiki)|後ろ姿(mt)
2110	general	hair between eyes	前髪	override			
1991	general	sitting	座る	mt_unverified	座る	座り|座りパンチラ|坐|椅子尻	座りパンチラ(wiki)|座る(wiki)|座り(wiki)|椅子尻(tagpair)
1969	general	tongue	舌	mt_verified	舌	舌	舌(wiki)|舌責め(wiki)
1960	general	stomach	お腹	mt_verified	お腹	おなか|腹出し|極上の腹|いいおなかの日	お腹(wiki)|おなか(wiki)|腹出し(wiki)|下腹(tagpair)
1907	general	multiple girls	複数の女の子1人	mt_verified	複数の女の子1人	多女性	複数の女の子1人(mt)|多女性(wiki)|群像(wiki)
1901	general	purple eyes	紫色の瞳	mt_verified	紫色の瞳	紫眼|黒髪紫眼|銀髪紫眼|銀髪紫目	紫色の瞳(mt)|紫目(wiki)|紫眼(wiki)|黒髪紫眼(wiki)
1900	general	standing	立つ	mt_verified	立つ		立つ(wiki)|立ち絵(tagpair)
1897	general	long sleeves	長袖	mt_verified	長袖		長袖(wiki)
1860	general	clothes lift	服が持ち上がる	mt_verified	服が持ち上がる	たくしあげ	服が持ち上がる(mt)|たくし上げ(wiki)|たくしあげ(wiki)
1860	general	brown eyes	茶色い目	mt_verified	茶色い目		茶色い目(mt)|茶目(wiki)
1772	general	anus	アヌス	wiki_verified	肛門	尻の穴|アナル|縦割れアナル|肛門	アヌス(wiki)|尻の穴(wiki)|アナル(wiki)
1736	general	tongue out	舌を出す	override		舌出し|舌だし|吐舌	
1686	general	jewelry	アクセサリー	override		ジュエリー|珠宝|宝飾品	
1675	general	cleavage	胸の谷間	override		魅惑の谷間|けしからん谷間|挟まれたい谷間|乳溝	
1658	copyright	blue archive	青アカ	wiki		ブルアカ|ぶるあか|ブルーアーカイブ|ラバーアーカイブ	
1650	general	sex from behind	後ろからのセックス	mt_verified	後ろからのセックス	後ろ矢筈|立ちバック|腕掴みバック|髪掴みバック	後ろからのセックス(mt)|後背位セックス(tagpair)|バック(wiki)|後ろ矢筈(wiki)|立ちバック(wiki)|後背位(tagpair)
1632	general	bow	お辞儀	mt_verified	お辞儀	蝶々結び	お辞儀(mt)|蝶結び(wiki)|蝶々結び(wiki)
1618	general	white shirt	白シャツ	wiki_verified	白いシャツ	白いシャツ	白シャツ(wiki)|白いシャツ(wiki)
1611	general	very long hair	ベリーロングヘア	wiki_verified	とても長い髪	黒髪超ロング|ベリーロングヘア|スーパーロングヘア|ベリーロングヘアー	ベリーロングヘア(wiki)|とても長い髪(mt)|超ロングヘア(wiki)|黒髪超ロング(wiki)
1590	general	multicolored hair	多色髪	wiki_verified	カラフルな髪色		多色髪(wiki)|カラフルな髪色(mt)
1567	general	blue hair	青い髪	mt_verified	青い髪	青髪|水色髪|青髪碧眼	青い髪(wiki)|青髪(wiki)|水色髪(wiki)
1564	general	speech bubble	吹き出し	mt_unverified	吹き出し		ふきだし(wiki)|吹き出し(mt)
1508	general	pov	視点	mt_unverified	視点	主観視点|自分視点|一人称視点	ハメ撮り視点(wiki)|視点(mt)|主観視点(wiki)|自分視点(wiki)
1464	general	2girls	女の子2人	mt_unverified	女の子2人		二人の女性(tagpair)|二人の女の子(tagpair)|女の子2人(mt)
1429	general	pink hair	ピンク髪	wiki_verified	ピンク色の髪	ピンクは淫乱|ピンク髪ロング|粉毛|桃髪	ピンク髪(wiki)|ピンク色の髪(mt)|ピンク髪ロング(wiki)|ピンクは淫乱(wiki)
1404	general	barefoot	裸足	mt_verified	裸足	裸足|素足|生足|光脚	裸足(wiki)|素足(wiki)|素足・裸足(wiki)
1400	general	erection	勃起	mt_verified	勃起		勃起(wiki)
1395	general	cum in pussy	オマンコに中出し	mt_unverified	オマンコに中出し	膣出し|中出し固め|中出|内射	中出し固め(wiki)|オマンコに中出し(mt)|中出し(wiki)|膣出し(wiki)|膣内射精(tagpair)
1374	general	holding	持つ	mt_verified	持つ	手持	持つ(wiki)|手持(wiki)|保持(tagpair)
1372	general	on bed	ベッドの上	mt_verified	ベッドの上	在床上	ベッドの上(wiki)|在床上(wiki)
1332	general	green eyes	緑色の瞳	mt_verified	緑色の瞳	緑眼|緑目|碧眼|金髪翠眼	緑色の瞳(mt)|緑眼(wiki)|緑目(wiki)|翠眼(wiki)
1325	general	closed eyes	目を閉じる	mt_unverified	目を閉じる		目を閉じる(mt)|糸目(wiki)
1304	general	sidelocks	もみあげ	override		サイドヘア|横髪	
1279	general	grey hair	白髪	mt_unverified	白髪	灰毛|白髪|銀髪|銀髪碧眼	白髪(wiki)|灰毛(wiki)|銀髪(tagpair)|銀髪ロング(wiki)
1277	general	halo	ハロー	mt_unverified	ハロー	ヘイロー|へいろー|天使の輪っか|ヘイロー(ブルーアーカイブ)	天使の輪(wiki)|ヘイロー(wiki)|へいろー(wiki)|ハロー(mt)
1271	general	ponytail	ポニーテール	override		ポニテ|黒髪ポニーテール|金髪ポニーテール|緑髪ポニーテール	
1269	general	uncensored	修正なし	mt_unverified	修正なし		修正なし(mt)|無修正(wiki)
1238	general	teeth	歯	mt_verified	歯		歯(wiki)|歯列(tagpair)
1231	general	school uniform	学生服	tagpair_verified	制服	せいふく|制服スパッツ|校服|学生服	学生服(tagpair)|学校制服(tagpair)|制服(mt)|制服スパッツ(wiki)|学パロ(wiki)|せいふく(wiki)
1193	general	pussy juice	愛液	mt_unverified	愛液	愛液	マン汁(wiki)|愛液(wiki)
1187	general	armpits	脇の下	mt_verified	脇の下	魅惑の腋|腋マンコ|腋|脇	脇の下(wiki)|腋(tagpair)|腋下(tagpair)|魅惑の腋(wiki)|腋マンコ(wiki)
1178	general	white hair	白髪	mt_verified	白髪	白髪|白黒髪|白髪赤目|白髪赤眼	白髪(wiki)|白毛(wiki)|白黒髪(wiki)
1177	general	yellow eyes	黄色い目	mt_verified	黄色い目	金眼|金目|金瞳|黄色眼	黄色い目(mt)|黄眼(wiki)|黄色目(tagpair)|金眼(wiki)|金目(wiki)
1161	general	black thighhighs	黒いニーハイ	mt_unverified	黒いニーハイ	黒ニーハイ|黒ニーソックス|黒ストッキング	黒ニーソ(wiki)|黒ニーハイ(wiki)|黒ニーソックス(wiki)|黒いニーハイ(mt)
1153	general	parted lips	開いた唇	tagpair_verified	割れた唇		開いた唇(tagpair)|開いた口(tagpair)|割れた唇(mt)
1136	general	oral	口淫	mt_unverified	口淫		オーラルセックス(tagpair)|口交(wiki)|口淫(tagpair)
1118	general	female focus	女性フォーカス	mt_unverified	女性フォーカス		女性フォーカス(mt)
1115	general	braid	三つ編み	mt_verified	三つ編み	みつあみ	三つ編み(wiki)|みつあみ(wiki)
1112	general	from behind	後ろから	mt_verified	後ろから		後ろから(mt)|後ろ姿(wiki)
1103	general	medium hair	ミディアムヘアー	wiki_verified	中くらいの長さの髪	セミロング|ミディアムヘアー	ミディアムヘアー(wiki)|中くらいの長さの髪(mt)|セミロン(wiki)|セミロング(wiki)
1085	general	choker	チョーカー	mt_verified	チョーカー	ちょーかー	チョーカー(wiki)|ちょーかー(wiki)
1083	general	ahoge	アホ毛	override		呆毛	
1075	general	panties	ぱんつ	wiki_verified	パンティー	ぱんつ|嫌パン|パンティ|裸パンツ	ぱんつ(wiki)|パンティ(tagpair)|パンティー(tagpair)|パンツ(wiki)|嫌パン(wiki)
1072	general	hat	帽子	mt_verified	帽子	裸帽子	帽子(wiki)|裸帽子(wiki)
1070	general	feet	足	mt_unverified	足	足	足フェチ(wiki)|足(wiki)
1066	general	thighhighs	ニーハイ	mt_unverified	ニーハイ	ニーハイ|裸ニーソ|ビキニーソ|水着ニーソ	ニーソ(wiki)|ニーハイ(wiki)|裸ニーソ(wiki)|ニーソックス(tagpair)
1064	general	female pubic hair	女性の陰毛	mt_verified	女性の陰毛		女性の陰毛(mt)|マン毛(wiki)
1046	general	open clothes	肩出しの服	mt_unverified	肩出しの服	前面はだけ	肩出しの服(mt)|はだけ(wiki)|前面はだけ(wiki)
1040	general	looking back	振り返る	mt_verified	振り返る	振り返り|振り向き|振り向く|見返り美人	振り返る(mt)|見返り(wiki)|振り返り(wiki)|振り向き(wiki)
1039	general	purple hair	紫色の髪	mt_verified	紫色の髪	紫髪|紫髪巨乳|金髪紫眼|紫髪紫眼	紫色の髪(mt)|紫毛(wiki)|紫髪(wiki)|紫髪巨乳(wiki)
1027	general	bottomless	ボトムレス	wiki_verified	底なし	フルチン|ボトムレス|側面全裸|下身裸体	ボトムレス(wiki)|底なし(mt)|下脱ぎ(wiki)|フルチン(wiki)|穿いてない(tagpair)
1018	general	hair ribbon	髪のリボン	tagpair_verified	髪留め		髪のリボン(tagpair)|ヘアリボン(tagpair)|髪留め(mt)
1008	general	testicles	キンタマ	wiki_verified	睾丸	玉責め|キンタマ|睾丸|金玉	キンタマ(wiki)|ふぐり(wiki)|玉責め(wiki)
1004	general	cum on body	体に精液をかける	mt_unverified	体に精液をかける		体に精液をかける(mt)|身体上的精液(wiki)|体外射精(tagpair)
1003	general	multiple views	複数の視点	mt_unverified	複数の視点	三面図|3面図	複数の視点(mt)|三面図(wiki)|3面図(wiki)|マルチシーン(wiki)
996	general	flat chest	平らな胸	mt_verified	平らな胸	ナイチチ|平らな胸|ツルペタ|つるぺた	平らな胸(wiki)|まな板(wiki)|ナイチチ(wiki)|ツルペタ(tagpair)|ぺったんこ(tagpair)
994	general	pillow	まくら	wiki_verified	枕	マクラ|枕	まくら(wiki)|枕(wiki)|マクラ(wiki)
993	general	fellatio	フェラチオ	mt_unverified	フェラチオ	輪フェラ|逆フェラ|フェラチオ|フェラピス	フェラ(wiki)|輪フェラ(wiki)|逆フェラ(wiki)|フェラチオ(tagpair)
976	general	full body	全身絵	wiki_verified	全身	全身絵	全身絵(wiki)|全身(wiki)
976	artist	@sincos	@sincos	passthrough			
974	general	groping	触ること	mt_unverified	触ること		触ること(mt)|愛撫(wiki)
969	general	clothed female nude male	服を着た女性 裸の男性	mt_unverified	服を着た女性 裸の男性		服を着た女性 裸の男性(mt)
963	general	pointy ears	尖った耳	override		エルフ耳|とんがり耳|とがった耳	
954	general	cowboy shot	カウボーイショット	mt_verified	カウボーイショット		カウボーイショット(mt)
953	general	toes	足の指	mt_verified	足の指	足指	足の指(wiki)|足指(wiki)
948	general	earrings	イヤリング	mt_verified	イヤリング	イヤリング|耳飾	イヤリング(wiki)|耳飾り(wiki)|耳飾(wiki)
942	general	skirt	スカート	mt_verified	スカート	透けスカート|スケベスカート	スカート(wiki)|スケベスカート(wiki)|透けスカート(wiki)
938	general	saliva	唾液	mt_verified	唾液	口水	唾液(wiki)|口水(wiki)
932	general	bed sheet	シーツ	mt_unverified	シーツ	ベッドシーツ	シーツ(wiki)|ベッドシーツ(wiki)
910	general	mole	ほくろ	mt_unverified	ほくろ	ホクロ	ほくろ(wiki)|ホクロ(wiki)
887	general	age difference	年の差	wiki_verified	年齢差	歳の差|おねロリ|ロリおね|おばロリ	年の差(wiki)|歳の差(wiki)|年齢差(mt)|おねロリ(wiki)
887	general	straddling	またがる	mt_unverified	またがる	馬乗り|またがる|跨坐	跨る(wiki)|馬乗り(wiki)|またがる(wiki)|馬乗りパイズリ(tagpair)
882	general	red hair	赤毛	mt_verified	赤毛	赤毛|赤髪|紅髪	赤毛(wiki)|赤髪(wiki)|紅髪(tagpair)|赤髪ロング(wiki)
878	general	symbol-shaped pupils	シンボル型の瞳	mt_unverified	シンボル型の瞳	瞳孔形状	シンボル型の瞳(mt)|瞳孔形状(wiki)|柄目(wiki)
874	copyright	genshin impact	gnsnプラス	wiki		原神|原尻|原神同人|原神BL	
872	general	white panties	白いパンティー	mt_verified	白いパンティー	白パンツ|白いパンツ|白下着	白いパンティー(mt)|白パン(wiki)|白パンツ(wiki)|白いパンツ(wiki)
870	general	horns	角	mt_unverified	角	角っ娘|角|角娘|有角人	有角人(tagpair)|角っ子(wiki)|角っ娘(wiki)|角(wiki)
868	general	virtual youtuber	バーチャルYouTuber	mt_verified	バーチャルYouTuber	Vチューバー|新人Vチューバー|バーチャルシンガー|バーチャルライバー	バーチャルYouTuber(mt)|Vライバー(wiki)|Vチューバー(wiki)|新人Vチューバー(wiki)
850	general	blunt bangs	鈍い前髪	mt_unverified	鈍い前髪	パッツン|前髪ぱっつん	鈍い前髪(mt)|ぱっつん(wiki)|パッツン(wiki)|前髪ぱっつん(wiki)
848	general	tail	しっぽ	wiki_verified	尾	もふりたい尻尾|しっぽもふもふ|スカートの中から尻尾|尾巴	しっぽ(wiki)|尾(mt)|尻尾(tagpair)|しっぽもふもふ(wiki)|もふりたい尻尾(wiki)
843	general	collar	襟	mt_verified	襟		襟(mt)|首輪(wiki)
837	general	bed	ベッド	mt_verified	ベッド	床	ベッド(wiki)|床(wiki)
833	general	cleft of venus	ヴィーナスの割れ目	mt_unverified	ヴィーナスの割れ目	スジ|ワレメ|われめ|割れ目	ヴィーナスの割れ目(mt)|すじ(wiki)|スジ(wiki)|ワレメ(wiki)
828	general	white thighhighs	白いニーハイ	mt_unverified	白いニーハイ	白ニーソ|白ニーハイ|白ニーソックス|白ストッキング	白スト(wiki)|白ニーソ(wiki)|白ニーハイ(wiki)|白ニーソックス(tagpair)|白いニーハイ(mt)
828	general	multiple boys	複数の男の子	mt_verified	複数の男の子		複数の男の子(mt)|複数男子(tagpair)|複数の男性キャラクター(tagpair)
825	general	girl on top	女の子が上に乗っている	tagpair_verified	女の子1人が上に	逆正常位	女の子が上に乗っている(tagpair)|女の子1人が上に(mt)|馬乗り(wiki)|逆正常位(wiki)|騎乗位(tagpair)
825	general	short sleeves	半袖	mt_verified	半袖	短袖	半袖(wiki)|短袖(wiki)
825	general	artist name	アーティスト名	mt_verified	アーティスト名		アーティスト名(tagpair)|作者名(tagpair)
820	general	hairclip	ヘアクリップ	mt_unverified	ヘアクリップ		髪留め(wiki)|ヘアクリップ(mt)
794	general	wet	濡れ	wiki_verified	濡れた	濡れる|びしょ濡れ|びしょびしょ|湿	濡れ(wiki)|濡れた(mt)|濡れる(wiki)|びしょ濡れ(wiki)
789	general	no panties	ノーパン	wiki_verified	下着なし	きてない|はいてない|穿いてない|ノーパン前垂れ	ノーパン(wiki)|下着なし(mt)|きてない(wiki)|はいてない(wiki)
779	general	motion lines	動き線	mt_unverified	動き線		動きのライン(tagpair)|動き線(tagpair)
774	general	monochrome	モノクロ	mt_verified	モノクロ	モノクロ画|モノクローム|黑白	モノクロ(wiki)|モノクローム(wiki)|モノクロ画(wiki)
765	general	nail polish	マニキュア	mt_verified	マニキュア	マニキュア液|指甲油	マニキュア(wiki)|指甲油(wiki)|マニキュア液(wiki)
765	general	pleated skirt	プリーツスカート	mt_unverified	プリーツスカート		プリーツスカート(wiki)
759	general	outdoors	屋外	mt_verified	屋外	青姦|室外|野外緊縛	屋外(mt)|野外(wiki)|室外(wiki)|青姦(wiki)
759	general	group sex	集団セックス	mt_verified	集団セックス		集団セックス(mt)|群交(wiki)
739	general	trembling	震える	mt_unverified	震える		震える(wiki)
738	copyright	idolmaster	アイマス	wiki		アイドルマスタ|アイドルマスター	
718	general	male pubic hair	男性の陰毛	mt_verified	男性の陰毛		男性の陰毛(mt)|男性陰毛(tagpair)|チン毛(wiki)|男性の股毛(tagpair)
715	general	bikini	ビキニ	mt_verified	ビキニ	ビキニ水着|エロビキニ|豹柄ビキニ|ビキニーソ	ビキニ(wiki)|ビキニ水着(wiki)|エロビキニ(wiki)
714	general	one eye closed	ウィンク	override		ウィンクX東方	
707	general	fake animal ears	偽の動物の耳	mt_verified	偽の動物の耳	つけ耳|けもみみ(偽)	偽の動物の耳(mt)|付け耳(wiki)|つけ耳(wiki)|けもみみ(偽)(wiki)
701	general	greyscale	グレースケール	mt_unverified	グレースケール	白黒|黑白	グレー系(wiki)|グレースケール(mt)|白黒(wiki)
694	general	skirt lift	スカートめくり	wiki_verified	スカート持ち上がり	スカートめくり|スカートめくれ|スカートたくし上げ|セルフスカート捲り	スカートめくり(wiki)|スカート持ち上がり(mt)|スカート捲り(wiki)|スカートめくれ(wiki)
689	general	black panties	黒いパンティー	mt_verified	黒いパンティー	黒パンツ|黒下着	黒いパンティー(mt)|黒パン(wiki)|黒パンツ(wiki)|黒下着(wiki)
686	general	clothes pull	服を引っ張る	override		拉下衣服|衣服下拉	
677	copyright	hololive	ホログラ	wiki		ホロ百合|ホロライブ|エロライブ|ホロライブゲーマーズ	
675	general	hair bun	お団子頭	mt_unverified	お団子頭	お団子頭|おだんご|シニヨン|おだんご頭	お団子(wiki)|お団子頭(wiki)|おだんご(wiki)|お団子ヘアー(tagpair)
674	general	fingernails	手指甲	wiki_verified	爪	指甲|手指甲	手指甲(wiki)|爪(wiki)|指甲(wiki)
674	general	clothed sex	着衣セックス	mt_verified	着衣セックス	着衣フェラチオ|着衣アナルセックス|着衣交尾	着衣セックス(wiki)|着衣アナルセックス(wiki)|着衣フェラチオ(wiki)|着衣交尾(tagpair)
667	general	ejaculation	射精	mt_verified	射精	射精|挟射|精通|乳内射精	射精(wiki)|ビュービュー系(wiki)|挟射(wiki)
666	general	arms up	腕を上げる	mt_unverified	腕を上げる		脇見せのポーズ(tagpair)|腕を上げる(mt)
664	general	black skirt	黒スカート	tagpair_verified	黒いスカート		黒スカート(tagpair)|黒いスカート(tagpair)
659	general	gloves	手袋	mt_verified	手袋	てぶくろ|手套|手袋|裸手袋	手袋(tagpair)|手袋コキ(wiki)|てぶくろ(wiki)
657	general	grabbing another's breast	他人の巨乳を掴む	mt_unverified	他人の巨乳を掴む		他人の巨乳を掴む(mt)|乳鷲掴み(wiki)
653	general	detached sleeves	分離式の袖	mt_unverified	分離式の袖	袖だけ霊夢|デタッチドスリーブ	デタッチドスリーブ(wiki)|分離式の袖(mt)|袖だけ霊夢(wiki)|袖だけ(wiki)
651	general	breasts out	肩出し	mt_unverified	肩出し	乳だけ出してる|おっぱい丸出し|乳出しチョゴリ|双乳露出	おっぱい丸出し(wiki)|乳だけ出してる(wiki)|乳出し(wiki)|肩出し(mt)
649	general	flower	お花	wiki_verified	花	はな|フラワー|花と女の子|花	お花(wiki)|フラワー(wiki)|花(tagpair)|はな(wiki)
645	general	dark-skinned male	黒肌の男性	mt_unverified	黒肌の男性	黒人|黑人|褐色男性|黑褐色男性	黒肌の男性(mt)|褐色ショタ(wiki)|黒人(wiki)|褐色男性(wiki)
644	general	heart-shaped pupils	ハート型の瞳	mt_unverified	ハート型の瞳	目がハート|目にハート|心形瞳孔	ハート型の瞳(mt)|ハート目(wiki)|目がハート(wiki)|目にハート(wiki)
644	general	skindentation	スキンデンテーション	mt_unverified	スキンデンテーション	ももぷく|食い込み|勒肉	ハミ肉(wiki)|ももぷく(wiki)|食い込み(wiki)|スキンデンテーション(mt)
641	general	soles	靴底	mt_unverified	靴底	タイツ足裏|ソックス足裏|足裏|脚底	足の裏(wiki)|タイツ足裏(wiki)|ソックス足裏(wiki)|靴底(mt)|足裏(tagpair)|裸足裏(tagpair)
638	general	shirt lift	シャツが持ち上がる	mt_verified	シャツが持ち上がる	たくしあげ|シャツたくし上げ|たくし上げ黒ビキニ	シャツが持ち上がる(mt)|たくし上げ(wiki)|シャツたくし上げ(wiki)|たくしあげ(wiki)|たくし上げ黒ビキニ(tagpair)
634	general	black gloves	黒い手袋	mt_verified	黒い手袋	黒手袋|黑色手套	黒い手袋(mt)|黒手袋(wiki)
628	general	cat ears	猫耳	override		ネコ耳|ねこ耳|ネコミミ|ねこみみ	
628	general	doggystyle	ドッギースタイル	mt_unverified	ドッギースタイル	後背位|背後位	ドギースタイル(wiki)|ドッギースタイル(mt)|後背位(wiki)|背後位(wiki)
623	general	missionary	ミッショナリー姿勢	mt_unverified	ミッショナリー姿勢	正常位|屈曲位	ミッショナリー姿勢(mt)|正常位(wiki)|腕掴み正常位(wiki)|屈曲位(wiki)
621	general	fang	牙	mt_unverified	牙	八重歯	牙(mt)|虎牙(wiki)|八重歯(wiki)
621	general	huge breasts	巨乳	mt_unverified	巨乳	ずっしり乳|おっぱいオバケ|爆乳|爆乳化	おっぱいオバケ(wiki)|巨乳(mt)|爆乳(tagpair)|ずっしり乳(wiki)|ロリ爆乳(wiki)
619	general	hair bow	髪留め	mt_unverified	髪留め		髪飾り(tagpair)|リボン付き髪(tagpair)|髪留め(mt)
614	general	clothing aside	服装は別として	mt_unverified	服装は別として	ずらし挿入|ずらし事後	服装は別として(mt)|股布ずらし(wiki)|ずらし挿入(wiki)|ずらし事後(wiki)
614	general	black choker	黒のチョーカー	tagpair_verified	黒いチョーカー		黒のチョーカー(tagpair)|黒いチョーカー(tagpair)
608	general	elbow gloves	肘用グローブ	mt_unverified	肘用グローブ	オペラグローブ|肘手套|長手袋|白長手袋	肘用グローブ(mt)|長手袋(tagpair)|ロンググローブ(wiki)|オペラグローブ(wiki)
607	general	green hair	緑色の髪	mt_verified	緑色の髪	緑髪	緑色の髪(mt)|緑髪(wiki)|緑髪ポニーテール(wiki)
606	general	shiny skin	光沢のある皮膚	tagpair_verified	ツヤ肌		光沢のある皮膚(tagpair)|光沢のある肌(tagpair)|ツヤ肌(mt)
604	general	:d	:d	mt_verified	:d		:d(mt)|笑顔(tagpair)
604	general	from side	横から	mt_verified	横から	よこがおフレンズ|横顔|側面|側面全裸	横から(mt)|横顔(wiki)|たかみよこがお(wiki)|よこがおフレンズ(wiki)
597	general	bowtie	ボウタイ	wiki_verified	蝶ネクタイ	蝶ネクタイ|領結	ボウタイ(wiki)|蝶ネクタイ(wiki)|領結(wiki)
597	general	english text	英語テキスト	mt_verified	英語テキスト	英语|英文	英語テキスト(mt)|英語(wiki)|英文(wiki)
596	copyright	nintendo	にんてんどう	wiki		任天堂	
586	general	ribbon	リボン	mt_verified	リボン	紐タイ	リボン(wiki)|紐タイ(wiki)
585	general	all fours	四つん這い	mt_verified	四つん這い	六つん這い|女豹のポーズ|四肢着地	四つん這い(wiki)|六つん這い(wiki)|女豹のポーズ(wiki)
585	general	streaked hair	ストライプヘア	mt_unverified	ストライプヘア	挑染	ストライプヘア(mt)|メッシュ(wiki)|挑染(wiki)
584	general	half-closed eyes	目を半分閉じる	mt_unverified	目を半分閉じる	半眼|半目	半目(wiki)|半眼(wiki)|目を半分閉じる(mt)|はんめ(wiki)
581	general	striped clothes	ストライプの服	mt_verified	ストライプの服		ストライプの服(mt)|ストライプ(wiki)|ストライプ柄(tagpair)|縞模様(tagpair)
580	general	cowgirl position	騎乗位	tagpair_verified	カウガールポーズ	手つなぎ騎乗位|騎乗位カーテン|乳首責め騎乗位|騎乗位	騎乗位(tagpair)|カウガールポーズ(mt)|騎上位(tagpair)|アナル騎乗位(wiki)|騎乗位カーテン(wiki)|手つなぎ騎乗位(wiki)
580	general	shoes	くつ	wiki_verified	靴	靴	くつ(wiki)|靴(wiki)
573	general	shirt	シャツ	mt_verified	シャツ	上衣	シャツ(wiki)|上衣(wiki)
565	general	mole under eye	目の下のほくろ	mt_verified	目の下のほくろ	泣きぼくろ|泣きボクロ	目の下のほくろ(mt)|泣きぼくろ(wiki)|泣き黒子(wiki)|泣きボクロ(wiki)
563	general	tears	涙	mt_verified	涙	眼淚	涙(wiki)
562	general	no bra	ノーブラ	wiki_verified	ブラジャーなし	きてない|つけてない|はいてないしつけてない	ノーブラ(wiki)|ブラジャーなし(mt)|きてない(wiki)|つけてない(wiki)
561	general	pink eyes	ピンク目	wiki_verified	ピンク色の目	ピンク眼|桃眼|粉眼	ピンク目(wiki)|ピンク眼(wiki)|ピンクの目(tagpair)|ピンク色の目(tagpair)|桃眼(wiki)
558	general	large penis	巨大なペニス	mt_unverified	巨大なペニス		巨大なペニス(mt)|巨根(wiki)
549	general	cumdrip	精液垂れ	mt_unverified	精液垂れ	ずらし事後|精液溢出(事后)	垂らし事後(wiki)|ずらし事後(wiki)|溢れ精液(tagpair)|精液垂れ(mt)
545	general	bent over	前かがみ	mt_unverified	前かがみ	前かがみ|前屈	前屈み(wiki)|前かがみ(wiki)|前屈(wiki)
542	general	bare legs	裸足	mt_unverified	裸足		生足(tagpair)|裸足(mt)|生脚(wiki)
541	general	groin	股間	mt_verified	股間	恥丘|鼠径部	股間(mt)|またすじ(wiki)|恥丘(wiki)
540	general	aftersex	アフターセックス	mt_unverified	アフターセックス		アフターセックス(mt)
535	general	collared shirt	襟付きシャツ	tagpair_verified	カラーシャツ		襟付きシャツ(tagpair)|襟シャツ(tagpair)|カラーシャツ(mt)
533	general	twitter username	ツイッター名	mt_unverified	ツイッター名		ツイッター名(tagpair)|ツイッターアカウント(tagpair)
532	general	two-tone hair	ツートンカラーの髪	mt_verified	ツートンカラーの髪	ツートーン|二色髪|白黒髪	ツートンカラーの髪(mt)|ツートン(wiki)|ツートーン(wiki)|二色髪(wiki)
527	general	comic	コミック	mt_verified	コミック	漫画	コミック(mt)|漫画(wiki)|マンガ(wiki)
526	general	official alternate costume	公式別バージョンのコスチューム	mt_unverified	公式別バージョンのコスチューム	新衣装公開	新衣装公開(wiki)|公式別バージョンのコスチューム(mt)|セカコス(wiki)
522	general	sleeveless	ノースリーブ	mt_verified	ノースリーブ	アメリカンスリーブ	ノースリーブ(wiki)|アメリカンスリーブ(wiki)
520	general	alternate costume	別バージョンの衣装	mt_unverified	別バージョンの衣装		衣装チェンジ(wiki)|別バージョンの衣装(mt)|私服艦娘(tagpair)
518	general	kneeling	跪く	wiki_verified	膝まずく	膝立ち|跪|跪着|下跪	跪く(wiki)|膝立ち(wiki)|膝まずく(mt)
516	general	blurry	ぼやけた	mt_verified	ぼやけた	ぼやけた|模糊	ぼやけた(wiki)|ぼかし(wiki)
515	general	off shoulder	オフショルダー	wiki_verified	肩出し	外套半脱	オフショルダー(wiki)|肩出し(mt)
501	general	animal ear fluff	動物の耳のふわふわ部分	mt_unverified	動物の耳のふわふわ部分		動物の耳毛(tagpair)|動物の耳のふわふわ部分(mt)|動物の耳のふわふわ(tagpair)|タフト(wiki)
499	general	white gloves	白い手袋	mt_verified	白い手袋	白手袋|白色手套|白長手袋	白い手袋(mt)|白手袋(wiki)|白長手袋(tagpair)
498	general	necktie	ネクタイ	mt_unverified	ネクタイ		ネクタイ(wiki)
497	general	veins	静脈	mt_verified	静脈	血管	静脈(mt)|脈(wiki)|血管(wiki)
493	general	legs	脚	mt_unverified	脚	脚	美脚(tagpair)|脚(wiki)|足(wiki)
493	copyright	pokemon	ポケ擬	wiki		ポケモン|アニポケ|ポケ獣人|たまポケ	
489	general	v	v	mt_verified	v	Vサイン|ハメピス|横ピース|ブイサイン	v(mt)|Vサイン(wiki)|ピース(wiki)|ハメピス(wiki)|ピースサイン(tagpair)
487	general	black bikini	黒ビキニ	wiki_verified	黒いビキニ	たくし上げ黒ビキニ	黒ビキニ(wiki)|黒いビキニ(mt)|たくし上げ黒ビキニ(wiki)
487	general	bdsm	BDSM	mt_verified	BDSM	ボンデージ|ボンテージ|ドMホイホイ|ドSホイホイ	BDSM(mt)|ドM(wiki)|ボンデージ(wiki)|ボンテージ(wiki)
486	general	upper teeth only	上の歯だけ	mt_verified	上の歯だけ		上の歯だけ(tagpair)|上の歯(tagpair)
484	general	cameltoe	キャメルトゥ	tagpair_verified	クラミトー	メコスジ|まんすじ|キャメルトゥ|いいスジしてる	キャメルトゥ(tagpair)|すじ(wiki)|メコスジ(wiki)|まんすじ(wiki)|スジ(tagpair)|クラミトー(mt)
482	general	torn clothes	服ビリ	wiki_verified	破れた服	服ビリ|尻破れ|胸破れ|中破	服ビリ(wiki)|破れた服(mt)|破れ(wiki)|尻破れ(wiki)
479	general	thigh strap	ニーハイのストラップ	mt_unverified	ニーハイのストラップ	ガーターリング|リングガーター	ニーハイのストラップ(mt)|サイバンド(wiki)|ガーターリング(wiki)|リングガーター(wiki)
475	general	frills	フリル	mt_unverified	フリル		フリル(wiki)
473	general	nose blush	鼻の赤み	mt_unverified	鼻の赤み		赤面(wiki)|鼻の赤み(mt)
472	general	one-piece swimsuit	ワンピース水着	mt_verified	ワンピース水着	一体式泳衣	ワンピース水着(wiki)|一体式泳衣(wiki)
467	general	open shirt	開いたシャツ	mt_verified	開いたシャツ		開いたシャツ(tagpair)|開いたブラウス(tagpair)
466	copyright	zenless zone zero	ゼンゼロ	wiki		ゼンゼロ(腐)|ゼンレスゾーンゼロ|ZZZ(ズィー・ゼー・ゾー)	
466	general	hair flower	髪飾りの花	mt_verified	髪飾りの花	花飾り	髪飾りの花(mt)|頭に花(wiki)|花飾り(wiki)
465	general	veiny penis	血管の浮いたペニス	mt_unverified	血管の浮いたペニス		静脈が浮き出た陰茎(tagpair)|静脈が浮き出たペニス(tagpair)|血管の浮いたペニス(mt)
464	general	back	後ろ	mt_verified	後ろ	魅惑の背中|ぱっくり背中|背|背中	後ろ(mt)|背中(tagpair)|魅惑の背中(wiki)|ぱっくり背中(wiki)|せなか(wiki)
459	general	heavy breathing	激しい息遣い	tagpair_verified	荒い呼吸		激しい息遣い(tagpair)|息切れ(tagpair)|荒い呼吸(mt)|ハァハァ(wiki)
458	general	day	日	mt_verified	日	昼|昼間|白天|白昼	日(mt)|昼間(wiki)|ひる(wiki)|昼(wiki)
457	general	phone	電話	wiki_verified	スマホ	電話機	電話(wiki)|スマホ(mt)|電話機(wiki)
457	artist	@mignon	@mignon	passthrough			
455	general	rabbit ears	うさ耳	wiki_verified	ウサギの耳	ウサ耳|うさぎ耳|ウサギ耳|うさみみ	うさ耳(wiki)|ウサ耳(wiki)|うさぎ耳(wiki)|ウサギの耳(mt)
454	general	lifting own clothes	自分の服を持ち上げる	mt_verified	自分の服を持ち上げる	たくし上げ|セルフスカート捲り|セルフスカートめくり	自分の服を持ち上げる(mt)|たくし上げ(wiki)|たくしあげ(wiki)|セルフスカート捲り(wiki)
454	general	sweatdrop	汗粒	mt_unverified	汗粒	汗滴	汗マーク(wiki)|汗粒(mt)|汗滴(wiki)
454	general	socks	ソックス	wiki_verified	靴下	裸ソックス|靴下|生靴下|裸靴下	ソックス(wiki)|靴下(wiki)|裸ソックス(wiki)
454	general	upper body	上半身	mt_verified	上半身		上半身(wiki)
453	general	handjob	手コキ	mt_unverified	手コキ	手袋コキ|オナホコキ|手コキッス|手コキフェラ	手コキ(wiki)|手袋コキ(wiki)|オナホコキ(wiki)
450	general	hairband	ヘアバンド	mt_verified	ヘアバンド	カチューシャ|ヘッドドレス|猫耳カチューシャ	ヘアバンド(wiki)|カチューシャ(wiki)|ヘッドドレス(wiki)
450	general	looking at another	別の人を見ている	mt_unverified	別の人を見ている		誰かを見る(tagpair)|別の人を見ている(mt)|視線(tagpair)
448	general	highleg	ロングスカート	mt_unverified	ロングスカート	高叉|高腰	ハイレグ(wiki)|ロングスカート(mt)|高叉(wiki)|高腰(wiki)
443	general	facial	顔	mt_unverified	顔		顔(mt)|顔射(wiki)
441	general	siblings	兄弟姉妹	mt_verified	兄弟姉妹		兄弟姉妹(tagpair)
440	general	hand up	手を挙げる	mt_unverified	手を挙げる		手を挙げる(tagpair)
438	general	see-through clothes	透け服	wiki_verified	透ける服	透け服|透け透け|スケスケ|すけすけ	透け服(wiki)|透ける服(mt)|透け(wiki)|透け透け(wiki)
437	general	sky	天空	wiki_verified	空		天空(wiki)|空(tagpair)
432	general	topless female	肩出しの女の子1人	mt_unverified	肩出しの女の子1人	トップレス|裸スパッツ|上半身裸|側面全裸	トップレス(wiki)|裸パンツ(wiki)|裸スパッツ(wiki)|肩出しの女の子1人(mt)
429	general	covered navel	隠れたおへそ	mt_unverified	隠れたおへそ		隠れたおへそ(mt)|透けへそ(wiki)
428	general	water	水	mt_verified	水		水(wiki)
428	general	condom	コンドーム	mt_verified	コンドーム	コンドーム|避孕套	コンドーム(wiki)|ゴム(wiki)
426	general	grin	にやりと笑う	mt_unverified	にやりと笑う		輝く白い歯(wiki)|にやりと笑う(mt)
424	general	black pantyhose	黒いタイツ	mt_unverified	黒いタイツ	黒タイツ|黒ストッキング	黒スト(wiki)|黒タイツ(wiki)|黒ストッキング(wiki)|黒いタイツ(mt)
423	general	bag	かばん	wiki_verified	バッグ	カバン|バッグ|鞄|袋	かばん(wiki)|カバン(wiki)|バッグ(wiki)
423	artist	@pepper0	@pepper0	passthrough			
422	general	paizuri	ペイズリー	mt_unverified	ペイズリー	ぱいずり|交互ズリ|ズリキチ|パイフェラ	パイズリ(wiki)|ぱいずり(wiki)|交互ズリ(wiki)|ペイズリー(mt)
420	general	miniskirt	ミニスカート	mt_verified	ミニスカート	タイトミニ|ミニスカート|ミニスカ巫女|ミニスカポリス	ミニスカート(wiki)|ミニスカ(wiki)|タイトミニ(wiki)
418	copyright	vocaloid	ボカロ	wiki		派生キャラ|ボーカロイド|100曲ボカロ絵チャレンジ|亜種	
417	general	blurry background	ぼやけた背景	mt_unverified	ぼやけた背景		ぼやけた背景(mt)|虚化背景(wiki)
417	artist	@sumiyao (amam)	@sumiyao (amam)	passthrough			
413	general	white bikini	白ビキニ	wiki_verified	白いビキニ		白ビキニ(wiki)|白いビキニ(mt)
412	general	looking at penis	ペニスを見る	mt_verified	ペニスを見る		ペニスを見る(tagpair)|ペニスを見つめる(tagpair)
411	general	spread pussy	マンコを広げる	mt_verified	マンコを広げる		マンコを広げる(mt)|くぱぁ(wiki)
411	artist	@pongldr	@pongldr	passthrough			
408	general	2boys	男の子2人	mt_unverified	男の子2人		男の子2人(mt)|男二人(tagpair)|男性二人(tagpair)
408	general	cum on breasts	巨乳に精液をかける	mt_unverified	巨乳に精液をかける		巨乳に精液をかける(mt)|胸に精液(tagpair)|胸に精子(tagpair)|胸部上的精液(wiki)
408	general	after vaginal	膣内の後ろ	mt_unverified	膣内の後ろ		後背位後(tagpair)|膣内の後ろ(mt)|後背位(tagpair)
406	general	arm up	腕を上げる	mt_unverified	腕を上げる		腕を上げる(tagpair)
405	general	jacket	ジャケット	mt_verified	ジャケット	下着ジャージ|上着	ジャケット(wiki)|上着(wiki)|下着ジャージ(wiki)
402	character	hatsune miku	初音ミク	wikidata		ミク|ミクの日|みっぱい|カイミク	
402	general	black dress	黒ワンピ	wiki_verified	黒いドレス		黒ワンピ(wiki)|黒いドレス(mt)
400	general	licking	舐める	mt_verified	舐める	舐める|ぺろぺろ|ペロペロ	舐める(wiki)|ぺろぺろ(wiki)|ペロペロ(tagpair)|舌責め(wiki)
399	general	drooling	よだれ	mt_unverified	よだれ	流口水	よだれ(wiki)|流口水(wiki)
398	general	cum on upper body	上半身に精液	mt_unverified	上半身に精液		上半身に精液(mt)
396	general	parted bangs	分け目の前髪	mt_unverified	分け目の前髪	センター分け	真ん中分け(wiki)|センター分け(wiki)|分け目の前髪(mt)
395	general	threesome	三人組	mt_unverified	三人組		三人組(mt)
394	general	panty pull	パンティー引き上げ	mt_unverified	パンティー引き上げ	パンツ下ろし|パンツめくり|パンツずらし|下ろしパンツ	パンツ下ろし(wiki)|パンティー引き上げ(mt)|パンツ脱ぎ(wiki)|パンツめくり(wiki)
393	general	serafuku	セーラー服	override		和セーラー|水手服	
393	general	dark skin	色黒	wiki_verified	黒い肌	色黒|黑皮|褐色肌|小麦色	色黒(wiki)|黒い肌(mt)|褐色肌(wiki)|褐色(wiki)
392	general	fat man	太った男	mt_verified	太った男		太った男(wiki)
390	general	from above	上から	mt_verified	上から	ハイアングル|俯瞰	上から(mt)|フカン(wiki)|ハイアングル(wiki)
389	general	covered erect nipples	隠された尖った乳首	mt_unverified	隠された尖った乳首		隠された尖った乳首(mt)
389	general	squatting	しゃがむ	mt_unverified	しゃがむ	スクワット|しゃがみパンチラ	しゃがみ(wiki)|スクワット(wiki)|しゃがむ(mt)
388	general	necklace	ネックレス	mt_verified	ネックレス		ネックレス(wiki)
388	artist	@kase daiki	@kase daiki	passthrough			
387	general	orange hair	オレンジ髪	wiki_verified	オレンジ色の髪	橙毛|橙髮|橙髪爆乳	オレンジ髪(wiki)|オレンジ色の髪(mt)|橙毛(wiki)
386	general	sex toy	セックストイ	mt_unverified	セックストイ	アダルトグッズ|成人玩具	セックストイ(mt)|大人のおもちゃ(wiki)|アダルトグッズ(wiki)|成人玩具(wiki)
385	general	standing sex	立ち姿のセックス	mt_verified	立ち姿のセックス	立ちバック|立ちかなえ|片足上げ背面立位|立位	立ち姿のセックス(mt)|立ちバック(wiki)|立ちかなえ(wiki)|後ろ矢筈(wiki)|立位(tagpair)
384	copyright	kaguya-sama wa kokurasetai ~tensai-tachi no renai zunousen~	かぐや様	wiki		かぐや様は告らせたい|かぐや様は告らせたい〜天才たちの恋愛頭脳戦〜	
383	general	window	窓	mt_verified	窓	窓辺	窓(wiki)|窓辺(wiki)
381	general	side-tie bikini bottom	サイドテープ付きビキニの下着	mt_verified	サイドテープ付きビキニの下着	タイサイドビキニ	サイドテープ付きビキニの下着(mt)|紐ビキニ(wiki)|タイサイドビキニ(wiki)
380	general	bell	ベル	mt_verified	ベル		ベル(wiki)
380	general	incest	近親相姦	mt_verified	近親相姦	母子相姦|姉妹百合|姉弟相姦|兄妹相姦	近親相姦(wiki)|母子相姦(wiki)|姉妹百合(wiki)
379	general	bare arms	裸の腕	mt_unverified	裸の腕		むき出しの腕(tagpair)|むき出しの上腕(tagpair)|裸の腕(mt)
377	general	dress	ドレス	mt_verified	ドレス	ワンピ|ワンピース|エロドレス|ワンピース服	ドレス(wiki)|ワンピ(wiki)|ワンピース(wiki)
375	general	side ponytail	サイドポニーテール	mt_verified	サイドポニーテール		サイドポニーテール(mt)|サイドテール(wiki)
375	general	on side	横顔	mt_unverified	横顔	横臥|対面側位	横顔(mt)|松葉崩し(wiki)
375	general	hair intakes	髪の取り込み	mt_unverified	髪の取り込み		髪の取り込み(mt)|インテーク(wiki)
373	general	feet out of frame	足が画面外	mt_unverified	足が画面外		足が画面外(mt)
373	general	cellphone	スマホ	mt_unverified	スマホ	ガラケー|手机|携帯電話	ケータイ(wiki)|ガラケー(wiki)|スマホ(mt)|手机(wiki)|携帯電話(tagpair)
373	general	shota	ショタ	mt_verified	ショタ	しょた|おねショタ|ショタおね|ママショタ	ショタ(wiki)|しょた(wiki)|おねショタ(wiki)
372	general	sideboob	脇胸	mt_unverified	脇胸	横乳|腋乳|横乳神様	よこちち(wiki)|脇胸(mt)|横乳(wiki)|腋乳(wiki)
372	general	sailor collar	セーラー襟	wiki_verified	セーラーカラー	セーラー水着|セーラーカラー	セーラー襟(wiki)|セーラーカラー(wiki)|セーラー水着(wiki)
371	general	black eyes	黒い瞳	mt_verified	黒い瞳	黒眼|黒髪黒眼	黒い瞳(mt)|黒髪黒眼(wiki)|黒眼(wiki)|黒目(wiki)
369	general	pov crotch	POV股間	mt_unverified	POV股間		POV股間(mt)|視点クロッチ(tagpair)|視点(tagpair)
368	general	embarrassed	恥ずかしがる	mt_unverified	恥ずかしがる	恥じらい|恥ずかしい|はずかしい|恥	照れ顔(wiki)|恥じらい(wiki)|恥ずかしい(wiki)|恥ずかしがる(mt)
367	general	cum overflow	精液溢れ	mt_unverified	精液溢れ		溢れ精液(wiki)|精液溢れ(mt)
366	general	bra	ブラ	wiki_verified	ブラジャー	デカブラ|エロブラ|ブラジャー|文胸	ブラ(wiki)|ブラジャー(tagpair)|デカブラ(wiki)|エロブラ(wiki)
366	general	steam	湯けむり	wiki_verified	湯気	湯気|水汽	湯けむり(wiki)|湯気(wiki)|水汽(wiki)
364	general	imminent penetration	間もなくの挿入	mt_unverified	間もなくの挿入	挿入直前	間もなくの挿入(mt)|事前(wiki)|挿入直前(wiki)
364	general	two side up	2枚とも表向き	mt_unverified	2枚とも表向き	ツーサイドアップ	ツーサイドアップ(wiki)|2枚とも表向き(mt)|ハーフツイン(wiki)
363	general	anal	アナル	mt_verified	アナル	アナニー|アナル責め|アナル騎乗位|アナルセックス	アナル(wiki)|アナニー(wiki)|アナル責め(wiki)|アナルセックス(tagpair)
361	general	high heels	ハイヒール	mt_unverified	ハイヒール		ハイヒール(wiki)
355	copyright	girls' frontline	ドルフロ	wiki		銃を持った戦術人形|ドールズフロントライン|少前|少女前線	
355	copyright	hololive english	ホロライブEN	wiki		ホロライブEnglish	
354	general	arm support	腕枕	mt_unverified	腕枕		手を突く(wiki)|腕支え(tagpair)|腕立て伏せ(tagpair)|腕枕(mt)
354	general	from below	下から	mt_verified	下から	ローアングル|ぶちアングル	下から(mt)|アオリ(wiki)|ローアングル(wiki)|ぶちアングル(wiki)
353	artist	@dikko	@dikko	passthrough			
352	general	blue skirt	青いスカート	mt_verified	青いスカート		青いスカート(wiki)
351	general	black shirt	黒シャツ	wiki_verified	黒いシャツ		黒シャツ(wiki)|黒いシャツ(mt)
349	general	wings	ウィング	wiki_verified	翼	翼|羽|翅|有翼	ウィング(wiki)|翼(wiki)|羽(wiki)
349	general	midriff	お腹	mt_unverified	お腹	へそ出し|へそだし|ヘソ出し|へそ出しメイド服	腹チラ(wiki)|へそ出し(wiki)|へそだし(wiki)|お腹(mt)
349	general	korean text	韓国語のテキスト	mt_verified	韓国語のテキスト	韓国語	韓国語のテキスト(mt)|ハングル(wiki)
344	general	detached collar	外し襟	mt_unverified	外し襟		付け襟(wiki)|外し襟(mt)
343	general	gluteal fold	お尻のしわ	mt_unverified	お尻のしわ		お尻のしわ(mt)
343	general	no shoes	靴なし	mt_verified	靴なし	生靴下	靴なし(mt)|ソックス足裏(wiki)|生靴下(wiki)
343	general	rape	レイプ	wiki_verified	強姦	逆レイプ|レズレイプ|スライム姦|輪姦	レイプ(wiki)|強姦(tagpair)|逆レイプ(wiki)|レズレイプ(wiki)
341	general	grey eyes	灰色の瞳	mt_unverified	灰色の瞳		灰色の瞳(wiki)
341	general	on stomach	うつ伏せ	mt_unverified	うつ伏せ	うつ伏せ|伏臥	うつぶせ(wiki)|うつ伏せ(wiki)
340	general	dark-skinned female	色黒の女の子1人	mt_unverified	色黒の女の子1人	黒ギャル|褐色娘|黑褐色女性	色黒の女の子1人(mt)|褐色ロリ(wiki)|黒ギャル(wiki)|褐色娘(wiki)
339	general	maid headdress	メイド用かつら	mt_unverified	メイド用かつら		メイド用かつら(mt)|ホワイトブリム(wiki)
337	general	bound	縛られた	mt_verified	縛られた	バインド|拘束	縛られた(wiki)|バインド(wiki)|拘束(wiki)
336	general	micro bikini	マイクロビキニ	wiki_verified	ミニビキニ	乳首ビキニ|マイクロビキニ|ニプルフックビキニ|マイクロビキニーソ	マイクロビキニ(wiki)|乳首ビキニ(wiki)|ミニビキニ(mt)|乳首キニ(wiki)
336	general	hair over one eye	片目を覆う髪	mt_unverified	片目を覆う髪	片目隠し	片目を覆う髪(mt)|片目隠れ(wiki)|片目隠し(wiki)
335	artist	@hews	@hews	passthrough			
332	copyright	idolmaster cinderella girls	デレマス	wiki		モバマス|シンデレラガールズ|アイドルマスターシンデレラガールズ	
329	general	cat tail	猫しっぽ	wiki_verified	猫の尾	ねこしっぽ|猫尻尾	猫しっぽ(wiki)|ねこしっぽ(wiki)|猫の尾(mt)|猫尻尾(wiki)
329	general	cum in mouth	口内射精	mt_unverified	口内射精	飲精|口内射精|咥内射精|口内含精	口内射精(wiki)|精飲(wiki)|飲精(wiki)
328	general	pantyhose	ストッキング	mt_unverified	ストッキング	黒タイツ|白タイツ|パンスト|黒パンスト	タイツ(wiki)|黒タイツ(wiki)|白タイツ(wiki)|パンスト(tagpair)|ストッキング(mt)
328	general	open jacket	開けたジャケット	tagpair_verified	ジャケットを開けた状態		開けたジャケット(tagpair)|開いたジャケット(tagpair)|ジャケットを開けた状態(mt)
327	general	tattoo	タトゥー	mt_verified	タトゥー	刺青	タトゥー(wiki)|刺青(wiki)
327	general	pink panties	ピンクのパンティー	mt_verified	ピンクのパンティー	ピンクパンツ	ピンクのパンティー(mt)|ピンク下着(wiki)|ピンクパンツ(wiki)
326	general	faceless	顔なし	tagpair_verified	顔のない		顔なし(tagpair)|顔のない(mt)|顔が見えない(tagpair)
323	general	black bra	黒ブラ	wiki_verified	黒いブラジャー	黒ブラジャー|黒下着	黒ブラ(wiki)|黒ブラジャー(wiki)|黒いブラジャー(mt)|黒下着(wiki)
323	general	couch	ソファ	mt_unverified	ソファ	ソファー	ソファ(wiki)|ソファー(wiki)
320	general	border	枠	mt_unverified	枠		
320	copyright	princess connect!	プリコネ	wiki		プリコネR|プリンセスコネクト|プリンセスコネクト!|プリンセスコネクトRe:Dive	
320	general	size difference	サイズ差	mt_verified	サイズ差	体格差|体型差	サイズ差(mt)|体型差(wiki)|サイズフェチ(wiki)|体格差(wiki)
319	general	double bun	二つ結び	mt_unverified	二つ結び	お団子頭|ツインお団子	二つ結び(mt)|お団子(wiki)|お団子頭(wiki)|ツインお団子(wiki)
317	artist	@abmayo	@abmayo	passthrough			
316	general	arms behind back	背中に腕を回す	mt_unverified	背中に腕を回す	後ろ手縛り|双手背在身后	後ろ手(wiki)|後ろ手縛り(wiki)|双手背在身后(wiki)|背中に腕を回す(mt)
316	general	faceless male	顔のない男性	mt_unverified	顔のない男性		顔なし男性(tagpair)|顔のない男性(mt)|顔が見えない男性(tagpair)
316	artist	@kimoshi	@kimoshi	passthrough			
315	general	underboob	乳下部分	mt_unverified	乳下部分	シタチチモン|乳出しチョゴリ|おっぱいスカート|下乳	下パイ(wiki)|シタチチモン(wiki)|乳出しチョゴリ(wiki)|乳下部分(mt)|下乳(tagpair)
313	general	shorts	短パン	wiki_verified	ショートパンツ	半ズボン|ショートパンツ	短パン(wiki)|半ズボン(wiki)|ショートパンツ(wiki)
311	general	:o	:o	mt_verified	:o		:o(mt)|Oの字口(wiki)
311	general	breath	息	mt_verified	息	呼吸|吐息	息(wiki)|呼吸(wiki)|吐息(wiki)
310	general	black socks	黒ソックス	wiki_verified	黒い靴下	黒ハイソックス|黒生|黒靴下	黒ソックス(wiki)|黒い靴下(mt)|黒ハイソックス(wiki)|黒生(wiki)
309	artist	@aak	@aak	passthrough			
308	general	food	食べ物	mt_verified	食べ物	食品|食物	食べ物(wiki)|食品(wiki)|食物(wiki)
307	general	panties aside	下着は除外	mt_unverified	下着は除外	ずらし挿入	股布ずらし(wiki)|ずらし挿入(wiki)|下着は除外(mt)
306	general	grey background	グレーの背景	mt_unverified	グレーの背景		灰色の背景(tagpair)|グレーの背景(mt)|灰色背景(wiki)
306	general	ass focus	お尻フォーカス	mt_unverified	お尻フォーカス		お尻フォーカス(mt)|尻アングル(wiki)
302	general	fingerless gloves	指なし手袋	mt_unverified	指なし手袋	オープンフィンガーグローブ|半指手套|露指手套	指抜きグローブ(wiki)|オープンフィンガーグローブ(wiki)|指なし手袋(mt)
301	general	demon girl	悪魔っ娘	wiki_verified	悪魔の女の子1人	悪魔っ子|サキュバス|サキュバス化|ロリサキュバス	悪魔っ娘(wiki)|悪魔の女の子1人(mt)|悪魔娘(tagpair)|悪魔(tagpair)|悪魔っ子(wiki)|サキュバス(wiki)
301	general	white border	白い枠	mt_unverified	白い枠		白い枠(tagpair)
300	general	clenched teeth	歯を食いしばる	mt_unverified	歯を食いしばる	食い縛り|食いしばり|歯を食いしばる	歯ぎしり(wiki)|歯を食いしばる(mt)|食い縛り(wiki)
300	general	wrist cuffs	手首の拘束具	mt_unverified	手首の拘束具		手首の拘束具(mt)
300	artist	@ramanda	@ramanda	passthrough			
299	general	heart censor	心臓修正あり	mt_unverified	心臓修正あり		ハート修正(tagpair)|ハートモザイク(tagpair)|心臓修正あり(mt)
296	general	aqua eyes	水色の瞳	mt_unverified	水色の瞳	水色眼	アクアアイ(tagpair)|水色の瞳(mt)|水色瞳(wiki)|水色眼(wiki)|アクアブルーアイ(tagpair)
295	general	hood	フード	mt_verified	フード	頭巾|帽兜|兜帽	フード(wiki)|頭巾(wiki)|帽兜(wiki)
294	general	colored inner hair	色付きの陰毛	mt_unverified	色付きの陰毛	内挑染	色付きの陰毛(mt)|インナーカラー(wiki)|内挑染(wiki)
294	artist	@suujiniku	@suujiniku	passthrough			
294	artist	@roswell ss	@roswell ss	passthrough			
293	copyright	fate (series)	フェイト	wiki		Fateシリーズ	
292	general	demon tail	悪魔しっぽ	wiki_verified	悪魔の尾		悪魔しっぽ(wiki)|悪魔の尾(mt)
291	general	low twintails	低いツインテール	mt_unverified	低いツインテール	二つ結び	低いツインテール(mt)|おさげ(wiki)|二つ結び(wiki)
290	general	gradient hair	グラデ髪	wiki_verified	グラデーションヘア	グラデヘアー	グラデ髪(wiki)|グラデーションヘア(mt)|グラデヘアー(wiki)
289	general	blue sky	青い空	mt_verified	青い空	青空|蒼空|蒼天|蒼穹	青い空(wiki)|青空(wiki)|蒼空(wiki)
288	general	panties around leg	脚についたパンティー	mt_unverified	脚についたパンティー		脚についたパンティー(mt)
288	general	thick thighs	ぶっともも	wiki_verified	太い太もも	大根足	ぶっともも(wiki)|太い太もも(mt)|大根足(wiki)
287	general	glasses	メガネ	wiki_verified	眼鏡	めがね|眼鏡っ娘|眼鏡っ子|メガネっ娘	メガネ(wiki)|めがね(wiki)|眼鏡(tagpair)|眼鏡っ娘(wiki)
286	general	twin braids	二つ編み	mt_unverified	二つ編み		二つ編み(mt)|ツインテール(tagpair)|サイドテール(tagpair)
285	general	white dress	白ワンピ	wiki_verified	白いドレス	白いドレス|白ワンピース	白ワンピ(wiki)|白いドレス(wiki)|白ワンピース(wiki)
285	artist	@topu	@topu	passthrough			
284	artist	@oldsickkim	@oldsickkim	passthrough			
283	general	breasts apart	胸を開く	mt_unverified	胸を開く	離れ乳	離れ乳(wiki)|流れ乳(wiki)|離れた胸(tagpair)|離れた胸部(tagpair)|胸を開く(mt)
281	general	leash	リード	mt_unverified	リード	リーシュ|手綱	リード(wiki)|リーシュ(wiki)|手綱(wiki)
281	artist	@ootomo takuji	@ootomo takuji	passthrough			
280	general	slave	奴隷	mt_verified	奴隷		奴隷(wiki)
279	general	short shorts	短パン	wiki_verified	ショートパンツ	超短パン|ホットパンツ|ショートパンツ	短パン(wiki)|ショートパンツ(tagpair)|超短パン(wiki)|ホットパンツ(wiki)
278	general	red ribbon	赤いリボン	mt_verified	赤いリボン		赤いリボン(tagpair)
278	general	bondage	ボンデージ	wiki_verified	拘束	ボンテージ|緊縛	ボンデージ(wiki)|ボンテージ(wiki)|拘束(mt)
277	general	onee-shota	お姉ちゃん弟君	mt_unverified	お姉ちゃん弟君	ショタおね|おばショタ|ママショタ|ババショタ	ショタおね(wiki)|おばショタ(wiki)|おねショタ(wiki)|お姉ちゃん弟君(mt)
277	general	leaning forward	前に身を乗り出す	mt_verified	前に身を乗り出す	前かがみ	前に身を乗り出す(mt)|前屈み(wiki)|前かがみ(wiki)
276	general	head out of frame	画面外に頭が出ている	mt_verified	画面外に頭が出ている		画面外に頭が出ている(mt)|目元より下で切り出すとエロいらしい(tagpair)|目元より下で切り出すとエ口いらしい(tagpair)
275	general	bracelet	ブレスレット	mt_verified	ブレスレット	腕輪	ブレスレット(wiki)|腕輪(wiki)
275	general	kneehighs	膝丈の靴	mt_unverified	膝丈の靴	ハイソックス	ハイソ(wiki)|ハイソックス(wiki)|膝丈の靴(mt)
275	general	cum on hair	髪に精液	mt_unverified	髪に精液		髪に精液(mt)|髪射(wiki)
274	general	plaid clothes	チェック柄服	tagpair_verified	チェック柄の服		チェック柄服(tagpair)|チェック柄の服(mt)|格子衣服(wiki)|チェック柄(tagpair)
274	general	spoken heart	語られた心	mt_verified	語られた心		語られた心(mt)|ハート(tagpair)|ハートマーク(tagpair)
274	general	sound effects	効果音	mt_verified	効果音	オノマトペー|オノマトペア|擬声語|擬音語	効果音(mt)|オノマトペ(wiki)|オノマトペー(wiki)|オノマトペア(wiki)|擬声語(tagpair)
273	general	fingering	指で触る	mt_unverified	指で触る	指マン|乳首舐め手マン|指交|手淫	指マン(wiki)|指で触る(mt)|手マン(wiki)|乳首舐め手マン(wiki)
273	general	areola slip	乳輪ずれ	mt_unverified	乳輪ずれ	輪モロ|ハミ乳輪	ハミ乳輪(wiki)|輪チラ(wiki)|輪モロ(wiki)|乳輪ずれ(mt)
272	general	japanese clothes	和服	mt_unverified	和服	和装ウマ娘|和服レオタード|和服|和装	和セーラー(wiki)|和装ウマ娘(wiki)|和服レオタード(wiki)|和服(tagpair)
272	general	smartphone	スマホ	wiki_verified	スマートフォン	スマートフォン|智能手机	スマホ(wiki)|スマートフォン(wiki)|智能手机(wiki)
270	general	cross-section	断面	mt_verified	断面	断面図	断面(wiki)|断面図(wiki)
269	general	legs up	脚を上げる	mt_unverified	脚を上げる	脚上げ|両足上げ|両脚上げ	足上げ(wiki)|脚上げ(wiki)|両足上げ(wiki)|脚を上げる(tagpair)
269	general	hair spread out	広がった髪	tagpair_verified	髪を広げる		広がった髪(tagpair)|髪を広げる(mt)
269	general	underwear only	下着のみ	mt_verified	下着のみ	只穿内衣	下着のみ(mt)|下着姿(wiki)
269	general	kiss	キス	mt_verified	キス	口づけ|キスハメ|百合キス|手コキッス	キス(wiki)|口づけ(wiki)|キスハメ(wiki)
269	general	grabbing another's ass	他人のお尻を掴む	mt_unverified	他人のお尻を掴む		他人のケツを掴む(tagpair)|他人のお尻を掴む(mt)|尻鷲掴み(wiki)
268	general	licking penis	ペニスを舐める	mt_verified	ペニスを舐める		ペニスを舐める(tagpair)|フェラチオ(tagpair)
267	general	petite	小柄	mt_unverified	小柄		プチ(tagpair)|小柄(tagpair)
266	general	black jacket	黒のジャケット	tagpair_verified	黒いジャケット		黒のジャケット(tagpair)|黒いジャケット(tagpair)
266	artist	@coro fae	@coro fae	passthrough			
264	general	hands up	手を挙げる	mt_unverified	手を挙げる		両手を上げる(tagpair)|両手を挙げる(tagpair)|手を挙げる(mt)
262	general	toenails	足の爪	mt_verified	足の爪		足の爪(mt)|脚指甲(wiki)|爪(tagpair)|爪先(tagpair)
261	general	nipple stimulation	乳首刺激	mt_verified	乳首刺激	乳首責め騎乗位|男性を乳首責め|女性を乳首責め|背後から乳首責め	乳首刺激(mt)|乳首責め(wiki)|乳首責め騎乗位(wiki)|男性を乳首責め(wiki)
261	artist	@m-da s-tarou	@m-da s-tarou	passthrough			
260	general	orange eyes	オレンジ目	wiki_verified	オレンジ色の目	おれんじめ|オレンジ色の目	オレンジ目(wiki)|オレンジ色の目(wiki)|おれんじめ(wiki)
259	general	looking to the side	横を見る	mt_verified	横を見る		横を見る(tagpair)|横目(tagpair)
259	general	maid	メイド	mt_verified	メイド	メイド服|メイドさん|メイド少年|猫耳メイド	メイド(wiki)|メイドさん(wiki)|メイド服(wiki)
259	general	3boys	3人の男の子	mt_unverified	3人の男の子		3人の男性(tagpair)|3人の男性キャラクター(tagpair)|3人の男の子(mt)
258	general	leg up	脚を上げる	mt_unverified	脚を上げる	片脚上げ	片脚上げ(wiki)|片足上げ(wiki)|脚上げ(tagpair)|脚を上げる(tagpair)
257	general	sweater	セーター	mt_verified	セーター	トレーナー|スウェット|スエットシャツ|スウェットシャツ	セーター(wiki)|トレーナー(wiki)|スウェット(wiki)
257	general	piercing	ピアス	mt_unverified	ピアス	ボディピアス|穿孔	ボディピアス(wiki)|ピアス(wiki)|穿孔(wiki)
256	general	black ribbon	黒リボン	tagpair_verified	黒いリボン		黒リボン(tagpair)|黒いリボン(tagpair)
255	general	thigh gap	ニーハイの隙間	mt_unverified	ニーハイの隙間		ニーハイの隙間(mt)|絶対空域(wiki)
255	artist	@eufoniuz	@eufoniuz	passthrough			
253	general	holding phone	電話を持つ	tagpair_verified	携帯を持つ		電話を持つ(tagpair)|電話を持つ人(tagpair)|携帯を持つ(mt)
252	general	playboy bunny	プレイボーイバニー	mt_verified	プレイボーイバニー	バニー服|金バニー|黒バニー|赤バニー	プレイボーイバニー(mt)|バニー(wiki)|バニー服(wiki)|金バニー(wiki)|バニーガール(tagpair)
251	general	breast press	胸圧迫	mt_unverified	胸圧迫	あててんのよ|当ててんのよ|つぶれおっぱい	つぶれおっぱい(tagpair)|六つん這い(wiki)|あててんのよ(wiki)|当ててんのよ(wiki)|胸圧迫(mt)
249	general	white socks	白ソックス	wiki_verified	白い靴下	白ソックス|白ハイソックス|白靴下	白ソックス(wiki)|白い靴下(mt)|白ハイソックス(wiki)|白ハイソ(wiki)
249	general	female masturbation	女オナニー	wiki_verified	女性の自慰行為	女オナニー|手マンオナニー|女性自慰	女オナニー(wiki)|女性の自慰行為(mt)|手マンオナニー(wiki)|オナニー女(wiki)
248	general	mask	マスク	mt_verified	マスク	衛生マスク|防塵マスク|ガスマスク|カラスマスク	マスク(wiki)|衛生マスク(wiki)|防塵マスク(wiki)
248	general	fake tail	偽の尾	mt_verified	偽の尾		偽の尾(tagpair)|付け尻尾(wiki)
248	artist	@ie (raarami)	@ie (raarami)	passthrough			
247	general	looking down	下を見る	wiki_verified	見下ろす	往下看	下を見る(wiki)|見下ろす(mt)|往下看(wiki)
247	general	apron	エプロン	mt_verified	エプロン	えぷろん	エプロン(wiki)|えぷろん(wiki)
247	general	steaming body	汗ばんだ身体	mt_unverified	汗ばんだ身体	メスミスト|発情	汗ばんだ身体(mt)|蒸れ(wiki)|メスミスト(wiki)|発情(wiki)
247	artist	@sonao	@sonao	passthrough			
246	general	pov hands	POV 手	mt_verified	POV 手		POV 手(mt)|視点の手(tagpair)|視点手(tagpair)
245	general	strapless	ストラップレス	mt_verified	ストラップレス		ストラップレス(mt)|ベアトップ(wiki)
244	general	scrunchie	ヘアゴム	mt_unverified	ヘアゴム		シュシュ(wiki)|ヘアゴム(mt)
243	general	3girls	女の子3人	mt_unverified	女の子3人		三人の女性キャラクター(tagpair)|女の子3人(mt)|三人娘(tagpair)
243	general	red bow	赤いボウ	tagpair_verified	赤いリボン		赤いボウ(tagpair)|赤いリボン(tagpair)
242	general	cloud	雲	mt_verified	雲	雲|云	雲(wiki)|くも(wiki)
241	copyright	arknights	アークナイツ	wiki		ブルーアークナイツ|アークナイツバトルイラコン|アークナイツ版深夜の真剣お絵かき60分一本勝負|明日方舟	
240	general	belt	ベルト	mt_verified	ベルト		ベルト(wiki)
239	general	aqua hair	アクアヘアー	tagpair_verified	水色の髪		アクアヘアー(tagpair)|アクアブルー髪(tagpair)|水色の髪(mt)
239	general	plaid skirt	チェックスカート	mt_unverified	チェックスカート		チェックスカート(wiki)
239	copyright	idolmaster shiny colors	シャニマス	wiki		シャニエロ|アイドルマスターシャイニーカラーズ	
239	copyright	fate/grand order	Fateグランドオーダー	wiki		フェイト/グランドオーダー|FGO夢|Fate/GO(腐)|Fate/GrandOrder(腐)	
238	general	dress lift	ドレスの持ち上がり	mt_verified	ドレスの持ち上がり		ドレスの持ち上がり(mt)|ドレスアップ(tagpair)|ドレス引き上げ(tagpair)
238	general	chair	椅子	mt_verified	椅子	椅子	椅子(wiki)|バイブ椅子(wiki)
237	general	clothing cutout	服の切り抜き	mt_verified	服の切り抜き		服の切り抜き(mt)|カットアウト(tagpair)|カットアウトデザイン(tagpair)
236	general	crop top	露腹短上衣	wiki_verified	肩出しトップス	短款上衣|露腹短上衣	露腹短上衣(wiki)|ハーフトップ(wiki)|肩出しトップス(mt)
236	general	top-down bottom-up	上から下へ	mt_unverified	上から下へ	尻突き上げ|胸膝位	上から下へ(mt)|逆さ(tagpair)|逆さま(tagpair)|突き出し(wiki)|尻突き上げ(wiki)|胸膝位(wiki)
236	general	black bow	黒いリボン	mt_unverified	黒いリボン		黒リボン(tagpair)|黒いリボン(tagpair)
236	general	neck bell	首の鈴	mt_verified	首の鈴		首の鈴(mt)|首輪のベル(tagpair)|鈴首輪(wiki)|首輪(tagpair)
234	general	one side up	サイドアップ	wiki_verified	表向き	ハーフアップ|ワンサイドアップ	サイドアップ(wiki)|ハーフアップ(wiki)|ワンサイドアップ(wiki)|表向き(mt)
231	general	pubic hair	陰毛	mt_verified	陰毛	ロリ陰毛|ヘアヌード|アンダーヘア|陰毛	陰毛(tagpair)|ロリ陰毛(wiki)|アンダーヘア(tagpair)|生えかけ(wiki)|ヘアヌード(wiki)
231	general	curtains	カーテン	mt_verified	カーテン		カーテン(wiki)
230	general	black nails	黒のネイル	tagpair_verified	黒い爪		黒のネイル(tagpair)|黒い爪(mt)|黒爪(tagpair)
230	general	black hairband	黒いヘアバンド	mt_verified	黒いヘアバンド		黒いヘアバンド(mt)|黒髪バンド(tagpair)|黒髪リボン(tagpair)
230	general	stomach bulge	お腹の突起	mt_unverified	お腹の突起	腹ボコ|腹部隆起	腹ボコ(wiki)|ボコォ(wiki)|お腹の突起(mt)
229	general	undressing	脱衣	mt_unverified	脱衣	脱ぎかけ|スク水下ろし|脱衣|半脱	脱ぐ(wiki)|脱ぎかけ(wiki)|スク水下ろし(wiki)|脱衣(tagpair)
229	artist	@ama mitsuki	@ama mitsuki	passthrough			
229	general	arched back	背中を反らせる	mt_verified	背中を反らせる	仰け反り絶頂|伸腰|弓背|腰前屈	背中を反らせる(mt)|仰け反り(wiki)|仰け反り絶頂(wiki)|伸腰(wiki)
226	artist	@greatodoggo	@greatodoggo	passthrough			
225	general	elf	エルフ	mt_verified	エルフ	エロフ|ロリフ|黒髪エルフ	エルフ(wiki)|エロフ(wiki)|ロリフ(wiki)
224	general	puffy sleeves	ふっくらした袖	mt_verified	ふっくらした袖	蓬松袖	ふっくらした袖(mt)|蓬松袖(wiki)|ふんわり袖(tagpair)|パフスリーブ(tagpair)|泡泡袖(wiki)
222	general	bow panties	ボウ付きパンティ	tagpair_verified	ブラジャー付きパンティ		ボウ付きパンティ(tagpair)|ボウ付き下着(tagpair)|ブラジャー付きパンティ(mt)
222	general	dot nose	ドット鼻	mt_unverified	ドット鼻		ドット鼻(mt)|点鼻(tagpair)
221	general	used condom	使用済みコンドーム	wiki_verified	コンドームを使用した		使用済みコンドーム(wiki)|コンドームを使用した(mt)
221	general	brother and sister	兄と妹	mt_verified	兄と妹	姉弟|兄妹相姦	兄と妹(mt)|兄妹(wiki)|姉弟(wiki)
221	artist	@belko	@belko	passthrough			
221	copyright	kantai collection	艦これ	wiki		艦コレ|妊これ|艦ショタ|北斗の艦	
220	general	restrained	抑えられた	mt_unverified	抑えられた	拘束|四肢拘束	後ろ手縛り(wiki)|抑えられた(mt)|拘束(wiki)
218	general	wet clothes	濡れた服	mt_verified	濡れた服	浸湿衣物|湿身(着衣)	濡れた服(mt)|濡れ透け(wiki)
218	general	beach	ビーチ	mt_verified	ビーチ	すなはま|砂浜|浜辺|海辺	ビーチ(wiki)|砂浜(wiki)|浜辺(tagpair)|すなはま(wiki)
217	general	cat girl	ねこ娘	wiki_verified	ネコ娘	ネコ娘|キャットガール|猫娘|猫人	ねこ娘(wiki)|ネコ娘(wiki)|キャットガール(wiki)|猫人(tagpair)|猫娘(tagpair)
217	general	animal print	アニマルプリント	tagpair_verified	動物柄		アニマルプリント(tagpair)|動物柄(tagpair)
217	general	moaning	うめき声	mt_verified	うめき声		うめき声(mt)|オホ声(wiki)
216	general	interracial	異人種	mt_unverified	異人種		異人種(mt)|異人種間(wiki)
215	artist	@yaegashi nan	@yaegashi nan	passthrough			
214	general	ffm threesome	FFM三人組	mt_unverified	FFM三人組		FFM三人組(mt)
214	general	tan	茶色	mt_unverified	茶色	日焼けあと|褐色|小麦肌|小麦色	日焼け(wiki)|日焼けあと(wiki)|茶色(mt)|褐色(wiki)|小麦肌(tagpair)
214	general	mature female	大人の女性	mt_unverified	大人の女性	おばさん|お姉さん|熟女|人妻	ママン(wiki)|おばさん(wiki)|お姉さん(wiki)|大人の女性(mt)|年増(tagpair)
213	general	demon horns	惡魔角	wiki_verified	悪魔の角		惡魔角(wiki)|悪魔の角(tagpair)|悪魔のツノ(tagpair)
213	general	halterneck	ハルタネック	mt_unverified	ハルタネック	ホルタートップ|ホルタービキニ|ホルターネックビキニ	ホルターネック(wiki)|ホルタートップ(wiki)|ホルタービキニ(wiki)|ハルタネック(mt)
212	general	eyelashes	まつげ	wiki_verified	まつ毛	睫毛	まつげ(wiki)|まつ毛(mt)
212	general	neckerchief	スカーフ	mt_unverified	スカーフ		ネッカチーフ(wiki)|スカーフ(mt)
211	copyright	honkai (series)	崩壊	wiki_han		崩壞	
209	general	x-ray	X線	mt_verified	X線		X線(mt)|透視(wiki)
207	general	huge ass	巨大なお尻	mt_unverified	巨大なお尻	特盛り下半身|巨尻|爆尻|超尻	デカ尻(wiki)|巨尻(wiki)|特盛り下半身(wiki)|巨大なお尻(mt)
207	copyright	honkai: star rail	スターレイル	wiki		腐向けHSR|崩壊スターレイル|崩壊スターレール|崩壊:スターレイル	
206	general	leg grab	脚を掴む	mt_unverified	脚を掴む		脚を掴む(tagpair)|脚掴み(tagpair)
206	general	^^^	^^^	mt_unverified	^^^		びっくり(tagpair)|びっくりマーク(tagpair)|^^^(mt)
205	artist	@bee (deadflow)	@bee (deadflow)	passthrough			
203	general	gangbang	群交	mt_unverified	群交	腕押さえ輪姦|輪姦|和輪姦	輪フェラ(wiki)|腕押さえ輪姦(wiki)|群交(mt)|輪姦(wiki)
203	general	deep penetration	深い挿入	mt_unverified	深い挿入		深い挿入(mt)|子宮をノック(wiki)
202	artist	@tottotonero	@tottotonero	passthrough			
202	artist	@kagironsfw	@kagironsfw	passthrough			
201	general	pants	ズボン	mt_verified	ズボン	パンツルック	ズボン(wiki)|パンツルック(wiki)
201	general	lace	レース	mt_unverified	レース	レース編み	レース編み(wiki)|レース(wiki)
201	general	star (symbol)	星マーク	mt_unverified	星マーク	星星(形状)	星マーク(mt)|星形(wiki)|星星(形状)(wiki)|星型(tagpair)
201	general	hand on another's head	頭の上に手	tagpair_verified	他人の頭に手を置く		頭の上に手(tagpair)|頭の上に手を置く(tagpair)|他人の頭に手を置く(mt)
200	general	torso grab	胴体を掴む	mt_verified	胴体を掴む		胴体を掴む(tagpair)|胴体掴み(tagpair)
200	general	profile	プロフィール	mt_verified	プロフィール		プロフィール(mt)|横顔(wiki)
200	general	leotard	レオタード	mt_verified	レオタード	和服レオタード	レオタード(wiki)|和服レオタード(wiki)
199	general	standing on one leg	片足立ち	mt_unverified	片足立ち		片足立ち(wiki)
199	general	sleeping	眠り	wiki_verified	眠っている	眠り|まどろみ|すやすや|睡眠	眠り(wiki)|寝る(wiki)|まどろみ(wiki)|眠っている(mt)
199	general	object insertion	オブジェ挿入	mt_verified	オブジェ挿入		オブジェ挿入(mt)|異物挿入(wiki)
199	general	internal cumshot	内部射精	mt_unverified	内部射精		内部射精(tagpair)|内部射精の断面(tagpair)|子宮内射精(wiki)
198	general	thong	Tバック	wiki_verified	ストラップ付き下着		Tバック(wiki)|ストラップ付き下着(mt)
197	general	head tilt	首傾げ	wiki_verified	首を傾げる	首を傾げる	首傾げ(wiki)|首を傾げる(wiki)
197	general	sleeveless shirt	ノースリーブシャツ	wiki_verified	ノースリーブのシャツ		ノースリーブシャツ(wiki)|ノースリーブのシャツ(mt)|ノースリーブ(tagpair)
197	copyright	wuthering waves	鳴潮	wiki_han			
195	general	partially visible vulva	部分的に見える外陰部	mt_unverified	部分的に見える外陰部		部分的に見える外陰部(mt)|大陰唇(wiki)
194	general	white bra	白ブラ	wiki_verified	白いブラジャー	白下着	白ブラ(wiki)|白いブラジャー(mt)|白下着(wiki)
194	general	cup	コップ	wiki_verified	カップ	カップ|杯子|水杯	コップ(wiki)|カップ(wiki)|杯子(wiki)
194	general	string bikini	ストリングビキニ	mt_verified	ストリングビキニ	紐水着	ストリングビキニ(tagpair)|紐ビキニ(wiki)|紐水着(wiki)
194	general	ahegao	あへがお	mt_verified	あへがお	アホ顔|アへ顔|アヘ顔ダブルピース	あへがお(mt)|アヘ顔(wiki)|アホ顔(wiki)|アへ顔(wiki)|アヘ顔ダブルピース(tagpair)
193	general	bright pupils	明るい瞳孔	tagpair_verified	明るい瞳		明るい瞳孔(tagpair)|明るい瞳(tagpair)
193	general	garter straps	ガーターストラップ	mt_verified	ガーターストラップ	ガーターストッキング	ガーターストラップ(mt)|ガーターベルト(wiki)|ガーターストッキング(wiki)
192	general	grabbing from behind	後ろから掴む	mt_unverified	後ろから掴む		後ろから掴む(mt)
192	general	x hair ornament	x 髪飾り	mt_verified	x 髪飾り		x 髪飾り(mt)
192	artist	@asou (asabu202)	@asou (asabu202)	passthrough			
192	artist	@horosuke	@horosuke	passthrough			
192	artist	@madana (xesa7885)	@madana (xesa7885)	passthrough			
191	artist	@eonsang	@eonsang	passthrough			
191	general	aroused	興奮した	mt_unverified	興奮した	被挑逗	ムラムラ(wiki)|興奮した(mt)
191	artist	@kumasteam	@kumasteam	passthrough			
190	general	safe	全年齢	rating			
190	general	yuri	百合	mt_unverified	百合	レズ|百合セカ|ポニ百合|ケモ百合	ユリ(wiki)|レズ(wiki)|百合セカ(wiki)|百合(tagpair)
190	general	watermark	透かし	wiki_verified	ウォーターマーク	水印	透かし(wiki)|ウォーターマーク(mt)|水印(wiki)
189	general	fox ears	きつね耳	wiki_verified	キツネ耳	キツネ耳|きつねみみ|狐耳	きつね耳(wiki)|キツネ耳(wiki)|きつねみみ(wiki)|狐耳(tagpair)
189	general	saliva trail	よだれの跡	mt_unverified	よだれの跡	唾液ブリッジ	唾液ブリッジ(wiki)|よだれの跡(mt)|糸引き(wiki)
189	general	camisole	キャミ	wiki_verified	キャミソール	キャミソール	キャミ(wiki)|キャミソール(wiki)|キャ(tagpair)
189	general	bouncing breasts	揺れる巨乳	mt_unverified	揺れる巨乳	アニぱい|あばれる乳|荒ぶるおっぱい|乳揺れ(うごイラ)	乳揺れ(wiki)|あばれる乳(wiki)|揺れる巨乳(mt)|アニぱい(wiki)
189	general	crossed bangs	交差した前髪	mt_unverified	交差した前髪		交差した前髪(tagpair)|交差したバング(tagpair)
188	general	grey shirt	グレーのシャツ	mt_unverified	グレーのシャツ		灰色シャツ(tagpair)|グレーのシャツ(mt)
188	general	black shorts	黒のショート	tagpair_verified	黒いショートパンツ		黒のショート(tagpair)|黒のショートパンツ(tagpair)|黒いショートパンツ(mt)
188	general	chinese clothes	チャイナ服	wiki_verified	中国風の服	中華風|中国風	チャイナ服(wiki)|中国風の服(mt)|中華風(wiki)|中国風(wiki)
187	artist	@wagashi (dagashiya)	@wagashi (dagashiya)	passthrough			
186	copyright	senran kagura	閃乱カグ	wiki		閃乱カグラ	
185	general	desk	デスク	mt_verified	デスク		デスク(mt)|机(wiki)
184	general	swept bangs	流れる前髪	mt_unverified	流れる前髪		無造作バング(tagpair)|流れる前髪(mt)|無造作前髪(tagpair)
183	general	armpit crease	脇のしわ	mt_unverified	脇のしわ		わきの下(tagpair)|腋(tagpair)|脇のしわ(mt)
183	general	breasts squeezed together	巨乳が押し合う	mt_unverified	巨乳が押し合う	乳寄せ|だっちゅーの|おっぱい抱きしめホールド	寄せ乳(wiki)|巨乳が押し合う(mt)|乳寄せ(wiki)|だっちゅーの(wiki)
183	general	rolling eyes	目を転がす	mt_verified	目を転がす	翻白眼|眼球上翻	目を転がす(mt)|白目(wiki)
183	artist	@smewed	@smewed	passthrough			
182	general	sleeves past wrists	手首より長い袖	mt_unverified	手首より長い袖	萌袖	手首より長い袖(mt)|萌袖(wiki)|萌え袖(wiki)
182	general	mole on breast	胸のほくろ	mt_unverified	胸のほくろ	乳ほくろ	乳ほくろ(wiki)|乳ぼくろ(wiki)|胸のほくろ(mt)
181	general	fishnets	ニーソックス	mt_unverified	ニーソックス		ニーソックス(mt)
181	general	hanging breasts	垂れた巨乳	mt_unverified	垂れた巨乳	吊り乳|下垂的乳房	垂れ乳(wiki)|吊り乳(wiki)|下垂的乳房(wiki)|垂れた巨乳(mt)
180	general	gradient background	グラデーション背景	mt_verified	グラデーション背景		グラデーション背景(mt)
180	general	m legs	M脚	mt_unverified	M脚	M字開脚	M脚(mt)|M字開脚(wiki)|観音開き(wiki)
180	general	boots	ブーツ	mt_verified	ブーツ	裸ブーツ|靴子	ブーツ(wiki)|長靴(tagpair)|裸ブーツ(wiki)|靴子(wiki)
180	general	lingerie	ランジェリー	wiki_verified	下着	ランジェリー|セクシーランジェリー|女式内衣	ランジェリー(wiki)|セクシーランジェリー(wiki)|エロ下着(wiki)|下着(mt)|女式内衣(tagpair)
180	general	holding another's hair	他人の髪を掴む	mt_unverified	他人の髪を掴む		他人の髪を持つ(tagpair)|他人の髪を掴む(mt)
180	artist	@esearu	@esearu	passthrough			
179	general	blue bow	青いリボン	mt_unverified	青いリボン		青いリボン(tagpair)
179	general	wide hips	広いヒップ	mt_verified	広いヒップ	巨尻|安産型	広いヒップ(mt)|デカ尻(wiki)|巨尻(wiki)|安産型(wiki)
179	copyright	sousou no frieren	フリーレン	wiki		フリーレンFA|葬送のフリーレン|送葬のフリーレン|葬送のフリーレンFA	
178	general	single thighhigh	一人ニーハイ	mt_unverified	一人ニーハイ	片足ニーハイ|片足ソックス	片足ニーソ(wiki)|片足ニーハイ(wiki)|片足ソックス(wiki)|一人ニーハイ(mt)
178	general	clitoris	クリトリス	mt_verified	クリトリス	女の子のおちんちん|陰核	クリトリス(wiki)|陰核(wiki)|女の子のおちんちん(wiki)
178	general	sisters	姉妹	mt_verified	姉妹	姉妹百合	姉妹(wiki)|姉妹百合(wiki)
177	general	sleeveless dress	ノースリーブワンピース	wiki_verified	ノースリーブのドレス		ノースリーブワンピース(wiki)|ノースリーブのドレス(mt)
177	general	sketch	ラフ画	tagpair_verified	スケッチ		ラフ画(tagpair)|スケッチ(tagpair)
177	general	orgasm	オーガズム	mt_verified	オーガズム	仰け反り絶頂|絶頂|高潮|連続絶頂	オーガズム(mt)|アクメ(wiki)|仰け反り絶頂(wiki)|絶頂(wiki)
177	general	mind control	マインドコントロール	wiki_verified	精神操作	洗脳|洗脳装置|精神控制	マインドコントロール(wiki)|精神操作(mt)|洗脳(wiki)|洗脳装置(wiki)
177	general	grabbing another's hair	髪掴み	wiki_verified	他人の髪を掴む	髪掴みバック|イラマチオハンドル	髪掴み(wiki)|他人の髪を掴む(mt)|髪掴みバック(wiki)|イラマチオハンドル(wiki)
176	general	tank top	タンクトップ	mt_verified	タンクトップ		タンクトップ(wiki)
176	artist	@jumonji	@jumonji	passthrough			
176	artist	@waligner	@waligner	passthrough			
175	general	?	？	mt_unverified	？		きょとんハテナ(wiki)|？(mt)
175	artist	@homunculus (alchemynote)	@homunculus (alchemynote)	passthrough			
174	general	straight hair	ストレートヘア	mt_verified	ストレートヘア	直毛	ストレートヘア(wiki)|直毛(wiki)
174	general	dutch angle	ダッチアングル	mt_verified	ダッチアングル	傾斜角度	ダッチアングル(wiki)
174	artist	@haku89	@haku89	passthrough			
173	general	nipple tweak	乳首いじり	mt_unverified	乳首いじり	乳首責め|乳首イキ|乳首つねり|乳首オナニー	乳首責め(wiki)|乳首イキ(wiki)|チクニー(wiki)|乳首いじり(mt)
173	general	wavy mouth	波打つ口	mt_verified	波打つ口		波打つ口(mt)|ピーナッツみたいな口しやがって(tagpair)
172	general	highleg one-piece swimsuit	脚まで覆うワンピース水着	mt_unverified	脚まで覆うワンピース水着	ハイレグワンピース	脚まで覆うワンピース水着(mt)|ハイレグ水着(wiki)|ハイレグワンピース(wiki)|スーパーハイレグ(tagpair)
172	general	arms behind head	腕を頭の後ろに組む	tagpair_verified	頭の後ろで腕を組む	ホールドアップ先輩|頭の後ろで手を組む	腕を頭の後ろに組む(tagpair)|頭の後ろで腕を組む(mt)|腕を頭の後ろに(tagpair)|頭の後ろで手を組む(wiki)|野獣先輩ポーズ(wiki)|ホールドアップ先輩(wiki)
172	general	black hat	黒い帽子	mt_verified	黒い帽子		黒い帽子(tagpair)|黒帽子(tagpair)
171	artist	@ru zhai	@ru zhai	passthrough			
170	general	blue shirt	青シャツ	wiki_verified	青いシャツ		青シャツ(wiki)|青いシャツ(mt)
170	general	wariza	割座	override		ぺたん座り|女の子座り|アヒル座り	
170	general	cardigan	カーディガン	mt_verified	カーディガン		カーディガン(wiki)
170	general	ear piercing	ピアス	mt_unverified	ピアス		耳洞(wiki)|耳ピアス(tagpair)|耳のピアス(tagpair)|ピアス(mt)
170	general	black leotard	黒レオタード	wiki_verified	黒いレオタード	黒レオタード	黒レオタード(wiki)|黒のレオタード(tagpair)|黒いレオタード(tagpair)|黒バニー(wiki)
169	general	tearing up	涙目になる	mt_unverified	涙目になる	涙目	涙目になる(mt)|泣き顔(wiki)|涙目(wiki)
169	general	lace trim	レースのトリム	mt_verified	レースのトリム		レースのトリム(mt)
169	general	torn pantyhose	破れたパンティーストッキング	tagpair_verified	破れたニーソックス	破れストッキング	破れたパンティーストッキング(tagpair)|破れタイツ(wiki)|破れストッキング(wiki)|破れたパンスト(tagpair)|破れたニーソックス(mt)
167	general	towel	タオル	mt_verified	タオル	バスタオル|毛巾	タオル(wiki)|毛巾(wiki)|バスタオル(wiki)
167	artist	@dorontabi	@dorontabi	passthrough			
165	general	eyewear on head	頭にかぶった眼鏡	mt_unverified	頭にかぶった眼鏡		頭にかけた眼鏡(tagpair)|頭にかけたサングラス(tagpair)|頭にかぶった眼鏡(mt)
165	general	parent and child	親と子	tagpair_verified	親子		親と子(tagpair)|親子(tagpair)
165	general	curvy	曲線的な体型	mt_unverified	曲線的な体型	ムチムチ|むちましい|グラマラス|ナイスバディ	曲線的な体型(mt)|むちむち(wiki)|ムチムチ(wiki)|むちましい(wiki)|グラマラス(tagpair)
164	general	happy sex	楽しいセックス	mt_unverified	楽しいセックス		愛のあるセックス(wiki)|楽しいセックス(mt)
164	general	white pantyhose	白いストッキング	mt_unverified	白いストッキング	白ストッキング|しろたいちゅ❤️	白タイツ(wiki)|白ストッキング(wiki)|白いストッキング(mt)|しろたいちゅ❤️(wiki)
164	general	naughty face	いたずらな顔	mt_verified	いたずらな顔		いたずらな顔(mt)|いたずら顔(tagpair)|いたずらっぽい顔(tagpair)|ニヤニヤ(wiki)
164	artist	@greem bang	@greem bang	passthrough			
163	general	heterochromia	ヘテロクロミア	wiki_verified	色の違う瞳	ヘテロクロミア|虹彩異色症	ヘテロクロミア(wiki)|虹彩異色症(wiki)|オッドアイ(wiki)|色の違う瞳(mt)
163	general	table	テーブル	mt_verified	テーブル		テーブル(wiki)
163	artist	@kat (bu-kunn)	@kat (bu-kunn)	passthrough			
163	artist	@koh (minagi kou)	@koh (minagi kou)	passthrough			
162	general	blue nails	青い爪	tagpair_verified	青いネイル		青い爪(tagpair)|青いネイル(tagpair)
162	general	black sleeves	黒袖	tagpair_verified	黒い袖		黒袖(tagpair)|黒のスリーブ(tagpair)|黒い袖(mt)
162	general	ocean	海	mt_unverified	海	海水浴	海(wiki)|海水浴(wiki)
161	general	beret	ベレー	wiki_verified	ベレー帽	ベレー帽	ベレー(wiki)|ベレー帽(wiki)
161	general	sunglasses	サングラス	mt_verified	サングラス		サングラス(wiki)
160	general	black footwear	黒い靴	mt_unverified	黒い靴		黒い靴(tagpair)|黒靴(tagpair)
160	general	butt crack	お尻の割れ目	mt_unverified	お尻の割れ目		お尻の割れ目(mt)|半ケツ(wiki)
160	copyright	azur lane	アズレン	wiki		アズレン漫画|アズールレーン|パイズールレーン|アズールレーン陣営	
160	general	foursome	4人組	mt_unverified	4人組		4人組(mt)
159	general	folded	折りたたまれた	mt_verified	折りたたまれた	まんぐり返し|ちんぐり返し|マングリ返し|まんぐりがえし	折りたたまれた(mt)|まんぐり(wiki)|まんぐり返し(wiki)|ちんぐり返し(wiki)
159	general	expressionless	無表情	mt_verified	無表情	平然|無表情	無表情(wiki)|クーデレ(wiki)|平然(wiki)
159	general	french kiss	フレンチキス	mt_verified	フレンチキス	ディープキス|フレンチキス	フレンチキス(wiki)|ディープキス(wiki)|べろちゅー(wiki)
158	artist	@winter (winterinkoakuma)	@winter (winterinkoakuma)	passthrough			
157	general	presenting	紹介する	mt_unverified	紹介する	私がプレゼント|展示|身体展示	プレゼントは私(wiki)|私がプレゼント(wiki)|誘う(tagpair)|誘うポーズ(tagpair)|紹介する(mt)|展示(wiki)
157	general	depth of field	被写界深度	mt_verified	被写界深度	虚化背景|虚化前景|被写界深度	被写界深度(mt)|景深(wiki)|背景ぼかし(tagpair)|前景ぼかし(tagpair)|虚化背景(wiki)|虚化前景(wiki)
157	artist	@otokakoto	@otokakoto	passthrough			
156	general	o-ring	Oリング	mt_verified	Oリング		Oリング(mt)
156	general	rabbit tail	うさぎしっぽ	wiki_verified	ウサギの尾	兎尾	うさぎしっぽ(wiki)|ウサギの尾(tagpair)|ウサギ尻尾(tagpair)|兎尾(wiki)
155	general	unworn panties	着用されていないパンティー	mt_verified	着用されていないパンティー		着用されていないパンティー(mt)|脱いだ下着(wiki)
154	general	teamwork (sexual)	チームワーク（性的）	tagpair_verified	チームプレイ（セクシャル）		チームワーク（性的）(tagpair)|チームワーク(tagpair)|チームプレイ（セクシャル）(mt)
153	general	bandaid	絆創膏	mt_unverified	絆創膏		
153	general	light brown hair	明褐色の髪	mt_verified	明褐色の髪	小麦色髪|淡褐色髪	明褐色の髪(mt)|淡褐色髪(wiki)|茶色髪(wiki)|小麦色髪(wiki)
153	general	china dress	中国風ドレス	mt_unverified	中国風ドレス	チーパオ|ミニチャイナ|チャイナドレス|サイドオープンチャイナドレス	チャイナ(wiki)|ミニチャイナ(wiki)|チャイナドレス(tagpair)|中国風ドレス(mt)|チーパオ(wiki)
153	artist	@lakilolom	@lakilolom	passthrough			
152	general	sheet grab	掴みシーツ	wiki_verified	シートグラブ	シーツつかみ	掴みシーツ(wiki)|シーツつかみ(wiki)|シートグラブ(mt)
152	general	panties under pantyhose	ニーハイの下のパンティー	mt_unverified	ニーハイの下のパンティー	透け下着|タイツ越しのパンツ|パンスト越しのパンツ|ストッキング越しのパンツ	ニーハイの下のパンティー(mt)|パンスト越しのパンツ(tagpair)|透けパン(wiki)|透け下着(wiki)|タイツ越しのパンツ(wiki)|ストッキング越しのパンツ(tagpair)
152	general	tanline	日焼け線	mt_unverified	日焼け線		日焼け線(mt)
152	general	v-shaped eyebrows	V字型の眉	mt_verified	V字型の眉	V字眉	V字型の眉(mt)|V字眉(wiki)|逆八の字眉(wiki)|逆三角形の眉(tagpair)|逆三角形の眉毛(tagpair)
151	general	denim	デニム	mt_verified	デニム	牛仔布	デニム(wiki)|牛仔布(wiki)
151	general	blue ribbon	青いリボン	mt_verified	青いリボン		青いリボン(tagpair)
151	general	bedroom	ベッドルーム	tagpair_verified	寝室		ベッドルーム(tagpair)|寝室(wiki)
151	general	boy on top	上にいる男の子	mt_unverified	上にいる男の子		上にいる男の子(mt)|男上位(tagpair)|騎乗位(tagpair)
151	copyright	dolphin wave	ドルウェブ	wiki		ドルフィンウェーブ	
150	general	no pants	パンツなし	mt_verified	パンツなし	セーラーふんどし|スカートはいてない|スカート穿いてない|没穿下衣	パンツなし(mt)|セーラーパンツ(wiki)|ノーパン(tagpair)|セーラーふんどし(wiki)|スカートはいてない(wiki)
150	general	chain	チェーン	mt_verified	チェーン	チェーン|チェイン|鎖	チェーン(wiki)|チェイン(wiki)|くさり(wiki)|鎖(tagpair)
149	copyright	kono subarashii sekai ni shukufuku wo!	このすば	wiki		この素晴らしい世界に祝福を|この素晴らしい世界に祝福を!	
149	general	dildo	ディルド	mt_verified	ディルド	極太ディルド	ディルド(wiki)|極太ディルド(wiki)
148	general	penis awe	ペニスへの畏怖	mt_unverified	ペニスへの畏怖		ペニスへの畏怖(mt)|見せ槍(wiki)
148	general	holding hands	手を繋ぐ	mt_verified	手を繋ぐ	ラブ握り|恋人繋ぎ|恋人つなぎ	手を繋ぐ(mt)|握り(wiki)|ラブ握り(wiki)|恋人繋ぎ(wiki)
148	general	t-shirt	Tシャツ	mt_verified	Tシャツ		Tシャツ(wiki)
148	general	red bikini	赤ビキニ	wiki_verified	赤いビキニ		赤ビキニ(wiki)|赤いビキニ(mt)
148	general	sleep molestation	睡眠中の嫌がらせ	mt_unverified	睡眠中の嫌がらせ	睡眠姦	睡眠中の嫌がらせ(mt)|睡姦(wiki)|睡眠姦(wiki)
147	general	knees up	膝を上げる	mt_unverified	膝を上げる		膝を上げる(tagpair)|膝立ち(tagpair)
147	general	hand on own hip	腰に手を当てる	mt_unverified	腰に手を当てる	叉腰	腰に手(wiki)|腰に手を当てる(mt)|叉腰(wiki)
146	general	white pupils	白色瞳孔	wiki_verified	白い瞳		白色瞳孔(wiki)|白い瞳(tagpair)|白目(tagpair)
146	general	tree	樹	tagpair_verified	木	じゅもく|木|樹|樹木	樹(tagpair)|き(wiki)|じゅもく(wiki)|木(wiki)|樹木(tagpair)
146	general	highleg leotard	ハイレッグレオタード	mt_unverified	ハイレッグレオタード		ハイレグレオタード(wiki)|ハイレッグレオタード(mt)
146	general	precum	前立腺液	mt_unverified	前立腺液	先走り汁|カウパー|我慢汁|先走汁	ガマン汁(wiki)|先走り汁(wiki)|カウパー(wiki)
145	general	facing viewer	視聴者に向かって	mt_unverified	視聴者に向かって		視聴者に向かって(mt)|視聴者を見る(tagpair)|視聴者を見るキャラクター(tagpair)
145	general	striped panties	ストライプのパンティー	mt_verified	ストライプのパンティー	縞ぱん|しまぱん|縞パンツ|縞下着	ストライプのパンティー(mt)|縞パン(wiki)|縞ぱん(wiki)|しまぱん(wiki)
145	general	blue bikini	青ビキニ	wiki_verified	青いビキニ	水色ビキニ	青ビキニ(wiki)|青いビキニ(mt)|水色ビキニ(wiki)
145	general	fur trim	毛皮のトリム	mt_verified	毛皮のトリム		毛皮のトリム(mt)|毛縁取り(tagpair)|毛縁(tagpair)
145	general	strap slip	ストラップのずれ	mt_unverified	ストラップのずれ		ストラップずれ(tagpair)|ストラップのずれ(mt)|肩紐ずらし(wiki)|ストラップ落ち(tagpair)
144	general	frown	顔をしかめる	mt_verified	顔をしかめる	しかめっ面	顔をしかめる(mt)|しかめっ面(wiki)|・''・(wiki)
144	general	skin fang	肌の牙	mt_verified	肌の牙		肌の牙(mt)|歯茎(tagpair)|歯茎牙(tagpair)
144	general	one breast out	片方の胸を出す	mt_unverified	片方の胸を出す		片方の胸を出す(mt)|片乳(wiki)
144	general	scarf	マフラー	wiki_verified	スカーフ	スカーフ	マフラー(wiki)|スカーフ(wiki)
144	general	colored skin	色付きの肌	mt_verified	色付きの肌		色付きの肌(mt)|異色肌(wiki)
143	general	vibrator	バイブ	wiki_verified	バイブレーター	ローター|バイブ椅子|按摩棒	バイブ(wiki)|バイブレーター(mt)|ローター(wiki)|バイブ椅子(wiki)
143	general	bottle	ボトル	mt_verified	ボトル		ボトル(mt)|瓶(wiki)|ペットボトル(tagpair)
143	general	mmf threesome	mmf三人組	mt_unverified	mmf三人組		mmf三人組(mt)|男2女1(tagpair)
143	general	forehead	おでこ	wiki_verified	額	デコ|おでこ|オデコ|おで娘	おでこ(wiki)|額(mt)|でこ(wiki)|デコ(wiki)
143	general	lactation	授乳	mt_unverified	授乳	母乳|搾乳|噴乳|泌乳	ロリ母乳(wiki)|授乳(mt)|母乳(wiki)|搾乳(wiki)
142	general	single hair bun	シングルヘアバン	mt_unverified	シングルヘアバン	お団子頭	シングルヘアバン(mt)|お団子(wiki)|お団子頭(wiki)
142	general	black shoes	黒い靴	mt_verified	黒い靴		黒い靴(mt)
142	general	furrowed brow	眉をひそめる	mt_unverified	眉をひそめる		眉をひそめる(mt)
142	general	grey skirt	グレーのスカート	mt_unverified	グレーのスカート		灰色スカート(tagpair)|グレーのスカート(mt)|灰色ミニスカート(tagpair)
142	general	backpack	バックパック	wiki_verified	リュックサック	リュックサック|背包|双肩包	バックパック(wiki)|リュックサック(wiki)|背包(wiki)
142	general	wide sleeves	広い袖	mt_verified	広い袖		広い袖(tagpair)|広い袖口(tagpair)
141	general	pulling own clothes	自分の服を引っ張る	mt_verified	自分の服を引っ張る		自分の服を引っ張る(tagpair)|拉下自己衣服(wiki)|服を引っ張る(tagpair)
141	artist	@ame (uten cancel)	@ame (uten cancel)	passthrough			
141	general	female ejaculation	女性射精	mt_verified	女性射精	潮吹き(女の子の射精)|潮吹	女性射精(mt)|潮吹き(女の子の射精)(wiki)|潮吹き(wiki)|潮吹(wiki)
141	artist	@manglifer	@manglifer	passthrough			
140	general	pointless censoring	意味のない修正あり	mt_unverified	意味のない修正あり		無意味な修正(tagpair)|無意味なモザイク(tagpair)|意味のない修正あり(mt)
140	general	drill hair	ドリルヘアー	wiki_verified	髪を整える	ドリルヘアー	ドリルヘアー(wiki)|髪を整える(mt)|縦ロール(wiki)
140	general	cow print	牛柄	mt_unverified	牛柄	牛柄水着|牛柄衣装	牛柄ビキニ(tagpair)|牛柄(wiki)|牛柄水着(wiki)|牛柄衣装(wiki)
140	general	public indecency	公然わいせつ	wiki_verified	公然わいせつ行為	公然わいせつ罪|露出症	公然わいせつ(wiki)|公然わいせつ行為(mt)|公然わいせつ罪(wiki)|公共不敬(tagpair)|露出症(wiki)
139	general	fox girl	狐っ娘	wiki_verified	キツネ娘	狐|狐娘|狐女	狐っ娘(wiki)|キツネ娘(mt)|狐娘(wiki)|狐(wiki)
139	general	pasties	パスティーズ	mt_unverified	パスティーズ	ニップレス|ニップルタッセル|乳貼|胸貼	ニプレス(wiki)|ニップレス(wiki)|ニップルタッセル(wiki)|パスティーズ(mt)|乳貼(tagpair)
139	general	hypnosis	催眠	mt_verified	催眠	催眠術|逆催眠	催眠(wiki)|催眠術(wiki)|逆催眠(wiki)
139	general	uterus	子宮	mt_verified	子宮		子宮(wiki)
138	artist	@b-ginga	@b-ginga	passthrough			
137	general	covering privates	股間を隠す	mt_unverified	股間を隠す		隠す(tagpair)|プライベートを隠す(tagpair)|股間を隠す(mt)
137	general	red bowtie	赤い蝶ネクタイ	mt_verified	赤い蝶ネクタイ		赤い蝶ネクタイ(tagpair)|赤の蝶ネクタイ(tagpair)
136	general	sandals	サンダル	mt_verified	サンダル		サンダル(wiki)
136	general	pelvic curtain	骨盤帯	mt_unverified	骨盤帯	ノーパン前垂れ|騎乗位カーテン	骨盤帯(mt)|騎乗位カーテン(wiki)|前垂れ(wiki)|ノーパン前垂れ(wiki)
136	artist	@chicke iii	@chicke iii	passthrough			
136	artist	@kukiyuusha	@kukiyuusha	passthrough			
135	general	wooden floor	木製の床	mt_verified	木製の床	木地板	木製の床(mt)|木地板(wiki)|フローリング(wiki)
135	general	japanese text	制服を着た女の子1人が肩出しでニーハイを履き、シンプルな背景の前で	mt_unverified	制服を着た女の子1人が肩出しでニーハイを履き、シンプルな背景の前で		制服を着た女の子1人が肩出しでニーハイを履き、シンプルな背景の前で(mt)
135	general	mouth hold	口を押さえる	mt_unverified	口を押さえる	くわえる|咥え中華まん|くわえたくしあげ	くわえたくしあげ(tagpair)|咥え髪留め(tagpair)|口を押さえる(mt)|咥える(wiki)|くわえる(wiki)|咥え中華まん(wiki)
135	general	motion blur	モーションブラー	wiki_verified	動きのブレ		モーションブラー(wiki)|動きのブレ(mt)
134	general	on couch	ソファの上	mt_unverified	ソファの上		ソファの上(wiki)
134	general	black pants	黒パンツ	tagpair_verified	黒いパンツ		黒パンツ(tagpair)|黒いズボン(tagpair)|黒いパンツ(mt)
134	general	reverse cowgirl position	逆カウガールポーズ	mt_unverified	逆カウガールポーズ		逆カウガールポーズ(mt)|背面騎乗位(wiki)
134	artist	@egami	@egami	passthrough			
133	general	butterfly hair ornament	蝶髪飾り	tagpair_verified	蝶の髪飾り		蝶髪飾り(tagpair)|蝶の髪飾り(mt)|蝶髪ピン(tagpair)
133	general	between breasts	胸の間	mt_verified	胸の間	おっぱいポケット	胸の間(mt)|乳挟み(wiki)|おっぱいポケット(wiki)
133	general	cum string	精液付き	mt_unverified	精液付き		ザーメンブリッジ(wiki)|精液付き(mt)
132	general	side-tie panties	サイドテイパンティー	mt_unverified	サイドテイパンティー	ひもパン|ヒモパン	サイドテイパンティー(mt)|紐パン(wiki)|ひもパン(wiki)|ヒモパン(wiki)
132	general	turtleneck	タートルネック	mt_verified	タートルネック	タートルネック	タートルネック(wiki)|ハイネック(wiki)
132	general	pink bra	ピンクブラ	wiki_verified	ピンクのブラジャー	ぴんくブラ|ピンク下着	ピンクブラ(wiki)|ぴんくブラ(wiki)|ピンクのブラジャー(mt)|ピンク下着(wiki)
132	general	older male and younger female	年上の男性と年下の女性	mt_unverified	年上の男性と年下の女性		年上の男性と年下の女性(mt)
132	general	imminent vaginal	間近の膣	mt_unverified	間近の膣		間近の膣(mt)|挿入前(tagpair)|挿入直前(tagpair)
132	general	condom wrapper	コンドーム包装	tagpair_verified	コンドームの包装紙		コンドーム包装(tagpair)|コンドームの包装紙(mt)|コンドームの包装(tagpair)
132	general	revealing clothes	肩出しの服	mt_unverified	肩出しの服	エロコス|エロドレス|情趣服|情色服装	肩出しの服(mt)|エロ衣装(wiki)|エロコス(wiki)|エロドレス(wiki)|セクシー軍服(tagpair)
131	general	white one-piece swimsuit	白いワンピース水着	mt_verified	白いワンピース水着	白スク水|白水着	白いワンピース水着(mt)|白水着(wiki)|白スク(wiki)|白スク水(wiki)
131	general	kimono	着物	mt_verified	着物	着物	着物(wiki)|和服(wiki)
131	general	sitting on person	人の上に座る	mt_unverified	人の上に座る		上に座るキャラクター(tagpair)|上に座る(tagpair)|人の上に座る(mt)
131	general	mouth mask	マスク	mt_unverified	マスク		マスク(mt)|カラスマスク(wiki)
131	general	bulge	膨らみ	mt_unverified	膨らみ	もっこりパンツ	もっこり(wiki)|もっこりパンツ(wiki)|形くっきりペニス(tagpair)|膨らみ(mt)
131	general	dress shirt	ブラウス	mt_unverified	ブラウス	ワイシャツ|カッターシャツ	ワイシャツ(wiki)|Yシャツ(wiki)|カッターシャツ(wiki)|ブラウス(mt)
131	general	pink nails	ピンクネイル	wiki_verified	ピンクのネイル	粉色指甲	ピンクネイル(wiki)|ピンクのネイル(mt)|粉色指甲(wiki)
131	general	jingle bell	ジングルベル	mt_verified	ジングルベル		ジングルベル(mt)|鈴(wiki)
131	general	surrounded by penises	ペニスに囲まれて	mt_unverified	ペニスに囲まれて		ペニスに囲まれて(mt)|チンコ包囲網(wiki)
131	general	bandages	包帯	mt_unverified	包帯	眼帯|包帯少女	包帯(wiki)|眼帯(wiki)
130	general	spreading own pussy	自分のマンコを広げる	mt_unverified	自分のマンコを広げる		自分のマンコを広げる(mt)|自分の股を開く(tagpair)|自分の股を広げる(tagpair)
130	general	extra ears	余分な耳	mt_unverified	余分な耳	四声道	四つ耳(wiki)|余分な耳(mt)|四声道(wiki)
130	general	puffy short sleeves	ふっくらしたショートスリーブ	mt_unverified	ふっくらしたショートスリーブ		ふんわりした短い袖(tagpair)|ふっくらしたショートスリーブ(mt)|蓬松短袖(wiki)
130	general	buruma	ブルマ	mt_unverified	ブルマ	ブルマー|ジャーブル|ブルマニーソ|レーシングブルマ	ブルマ(wiki)|ブルマー(wiki)|ジャーブル(wiki)
130	general	fins	ヒレ	wiki_verified	ひれ		ヒレ(wiki)|ひれ(mt)
130	general	large areolae	デカ乳輪	wiki_verified	巨乳の乳首周辺	巨乳輪|爆乳輪|超乳輪	デカ乳輪(wiki)|巨乳の乳首周辺(mt)|巨乳輪(wiki)|爆乳輪(wiki)|超乳輪(tagpair)
129	general	striped bikini	縞ビキニ	wiki_verified	ストライプビキニ	ストライプビキニ	縞ビキニ(wiki)|ストライプビキニ(wiki)
129	general	short hair with long locks	短髪のロングヘア	tagpair_verified	ショートヘアで長い髪の毛		短髪のロングヘア(tagpair)|ショートヘアのロング(tagpair)|ショートヘアで長い髪の毛(mt)
129	general	cum in ass	お尻に中出し	mt_unverified	お尻に中出し		アナル中出し(wiki)|お尻に中出し(mt)
128	general	high ponytail	ハイポニーテール	wiki_verified	高いポニーテール		ハイポニーテール(wiki)|高いポニーテール(mt)
128	general	prone bone	うつ伏せの骨格	mt_unverified	うつ伏せの骨格		寝バック(wiki)|うつ伏せの骨格(mt)
128	general	bodysuit	ボディスーツ	mt_verified	ボディスーツ	全身タイツ|ボディスーツ|ラバースーツ|ボディースーツ	ボディスーツ(wiki)|艦ラバー(wiki)|全身タイツ(wiki)
128	general	blue halo	青い光輪	tagpair_verified	青いハロー		青い光輪(tagpair)|青いハロー(mt)|青い光環(tagpair)
126	general	flying sweatdrops	飛ぶ汗粒	mt_unverified	飛ぶ汗粒	ぼのぼの汗	飛ぶ汗粒(mt)|汗マーク(wiki)|ぼのぼの汗(wiki)
126	general	facial mark	顔の特徴	mt_unverified	顔の特徴		顔の模様(tagpair)|顔の特徴(mt)|顔のタトゥー(tagpair)
126	general	hug	ハグ	wiki_verified	抱きしめる	抱える|抱き抱える|抱っこパイズリ|抱擁	ハグ(wiki)|抱きしめる(mt)|抱える(wiki)|抱き抱える(wiki)
125	general	assertive female	自信に満ちた女の子1人	mt_unverified	自信に満ちた女の子1人	女性優位	女性優位(wiki)|自信に満ちた女の子1人(mt)|女性上位(wiki)
125	general	print bikini	プリントビキニ	mt_verified	プリントビキニ	スイカ柄ビキニ	プリントビキニ(tagpair)|スイカ柄ビキニ(wiki)|柄ビキニ(wiki)
125	general	red collar	赤い襟	mt_verified	赤い襟		赤い襟(tagpair)|赤い首輪(tagpair)
124	general	bikini bottom aside	ビキニの下は除外	mt_unverified	ビキニの下は除外		ビキニサイド(tagpair)|ビキニサイドアップ(tagpair)|ビキニの下は除外(mt)
124	general	penis on face	顔にペニス	mt_verified	顔にペニス	W頬ズリ|顔面チンポ置き	顔にペニス(mt)|顔面チンポ置き(wiki)|頬ズリ(wiki)|W頬ズリ(wiki)
124	copyright	love live!	ラブライブ	wiki		ラブライブ!|ラブライブシリーズ	
124	general	silver hair	銀髪	mt_verified	銀髪		銀髪(tagpair)|白髪(tagpair)
123	general	pantyhose pull	ストッキング引き上げ	mt_unverified	ストッキング引き上げ		ストッキング引き上げ(mt)|裾上げタイツ脱ぎ(wiki)
123	general	against wall	壁際	mt_verified	壁際		壁際(tagpair)|壁にもたれる(tagpair)
123	artist	@moursho	@moursho	passthrough			
122	general	:q	:q	mt_verified	:q	向上吐舌	:q(mt)|ペコ舌(wiki)|向上吐舌(wiki)
122	general	arm grab	腕を掴む	mt_verified	腕を掴む		腕を掴む(mt)|自分の腕をつかむ(tagpair)|他人の腕をつかむ(tagpair)
122	general	:3	:3	mt_verified	:3		:3(mt)|猫口(wiki)
122	general	fish tail	魚の尾	mt_verified	魚の尾		魚の尾(tagpair)|魚の尾びれ(tagpair)
121	general	blue one-piece swimsuit	青のワンピース水着	tagpair_verified	青いワンピース水着		青のワンピース水着(tagpair)|青色のワンピース水着(tagpair)|青いワンピース水着(mt)
121	copyright	gakuen idolmaster	学マス	wiki		学マスFA|学園アイドルマスター	
121	general	bob cut	ボブカット	mt_unverified	ボブカット	おかっぱ|黒髪ボブ|茶髪ボブ|赤髪ボブ	ボブ(wiki)|黒髪ボブ(wiki)|おかっぱ(wiki)|ボブカット(tagpair)
121	general	anal beads	アナルビーズ	mt_verified	アナルビーズ	アナルパール|アナルパール水着|肛珠|肛塞串珠	アナルビーズ(wiki)|アナルパール(wiki)|アナルパール水着(wiki)
120	general	blue panties	青いパンティー	mt_verified	青いパンティー	水色パンツ	青いパンティー(mt)|青パンツ(wiki)|水色パンツ(wiki)
120	general	convenient censoring	便利な修正あり機能	mt_unverified	便利な修正あり機能	見せない構図	便利な修正あり機能(mt)|見えない構図(wiki)|見せない構図(wiki)
120	general	dated	古風な	mt_unverified	古風な	日期	古風な(mt)|日付(wiki)|日期(wiki)
120	general	shrug (clothing)	肩出しの服	mt_unverified	肩出しの服	シュラグ|スポーツボレロ	肩出しの服(mt)|ボレロ(wiki)|シュラグ(wiki)|スポーツボレロ(wiki)
120	general	mother and child	母と子	tagpair_verified	母子	親子	母と子(tagpair)|母子(wiki)|母と子関係(tagpair)|親子(wiki)
119	general	black horns	黒い角を持つ	tagpair_verified	黒い角		黒い角を持つ(tagpair)|黒い角(tagpair)
119	general	ring	リング	mt_verified	リング	戒指|指輪	リング(wiki)|戒指(wiki)|指輪(wiki)
119	general	looking up	見上げる	mt_verified	見上げる		見上げる(wiki)|上を見る(tagpair)
119	general	crying	泣く	wiki_verified	泣いている		泣く(wiki)|泣いている(mt)|涙(tagpair)
119	general	2koma	2コマ	mt_unverified	2コマ	即オチ2コマ|二格漫画|2格漫画	2コマ(wiki)|即オチ2コマ(wiki)|二格漫画(wiki)
118	general	foreshortening	短縮表現	mt_unverified	短縮表現		短縮表現(mt)|遠近法(tagpair)|短縮法(tagpair)
118	artist	@ @	@ @	passthrough			
118	general	blue jacket	青いジャケット	mt_verified	青いジャケット		青いジャケット(tagpair)
118	general	bikini top only	ビキニトップのみ	mt_verified	ビキニトップのみ	裸ビキニトップ	ビキニトップのみ(mt)|ビキニトップ(wiki)|裸ビキニトップ(wiki)
118	general	cunnilingus	クンニリングス	mt_unverified	クンニリングス	強制クンニ|クンニリングス	クンニ(wiki)|強制クンニ(wiki)|クンニリングス(wiki)
117	general	wavy hair	ウェーブヘア	mt_verified	ウェーブヘア	ウェービーヘア	ウェーブヘア(wiki)|ウェービーヘア(wiki)
117	general	black pubic hair	黒い陰毛	mt_verified	黒い陰毛		黒い陰毛(tagpair)|黒陰毛(tagpair)
117	general	nipple slip	乳首の見え透き	mt_unverified	乳首の見え透き	乳首チラ	乳首チラ(wiki)|胸チラ(wiki)|乳首の見え透き(mt)
116	general	clothed male nude female	服を着た男性 裸の女性	mt_unverified	服を着た男性 裸の女性		服を着た男性 裸の女性(mt)
116	general	garter belt	ガーターベルト	mt_verified	ガーターベルト		ガーターベルト(wiki)
116	general	neck ribbon	ネックリボン	mt_verified	ネックリボン	リボンタイ|りぼんたい|ネックリボン|ねっくりぼん	ネックリボン(tagpair)|リボンタイ(wiki)|りぼんたい(wiki)|紐タイ(wiki)
116	general	night	夜	mt_verified	夜	ナイトプール|夜|夜景|夜晚	夜(wiki)|ナイトプール(wiki)|夜景(tagpair)|よる(wiki)
116	general	butt plug	アナルプラグ	mt_unverified	アナルプラグ	アナルジュエリー|アナルパール水着|ジュエリーアナルプラグ	アナルプラグ(wiki)|ジュエリーアナルプラグ(tagpair)|アナルジュエリー(wiki)|アナルパール水着(wiki)
116	general	witch hat	魔女の帽子	mt_verified	魔女の帽子	魔女帽子	魔女の帽子(mt)|魔女帽子(wiki)|巫女帽(wiki)
116	character	megumin	めぐみん	wiki		めぐみん(このすば)|惠惠	
116	general	condom on penis	ペニスにコンドーム	mt_verified	ペニスにコンドーム		ペニスにコンドーム(mt)|ゴム着用(wiki)
116	general	anal object insertion	アナル挿入	mt_verified	アナル挿入		アナル挿入(mt)|アナル挿入物(tagpair)
116	artist	@wantan meo	@wantan meo	passthrough			
115	copyright	goddess of victory: nikke	ニケ	wiki		メガニケ|勝利の女神ニケ|勝利の女神NIKKE|勝利の女神:NIKKE	
115	general	cuffs	袖口	mt_verified	袖口	手錠	袖口(mt)|手枷(wiki)|手錠(wiki)
114	general	ass grab	お尻を掴む	mt_unverified	お尻を掴む		お尻を掴む(mt)
114	general	legs together	脚を揃える	mt_unverified	脚を揃える		足を閉じる(tagpair)|足を合わせる(tagpair)|脚を揃える(mt)
114	general	double v	ダブルV	mt_verified	ダブルV	ダブルピース|アヘ顔ダブルピース|えへ顔ダブルピース|双手比v	ダブルV(mt)|ダブルピース(wiki)|アヘ顔ダブルピース(wiki)|えへ顔ダブルピース(tagpair)|Wピース(wiki)
114	general	leg lift	脚上げポーズ	tagpair_verified	脚上げ	片足上げ|片脚上げ|片足上げバック|片足上げ背面立位	脚上げポーズ(tagpair)|片脚上げ(wiki)|足上げ(wiki)|片足上げ(wiki)|脚上げ(tagpair)
114	artist	@gao (gaolukchup)	@gao (gaolukchup)	passthrough			
114	artist	@mikozin	@mikozin	passthrough			
113	general	grabbing another's penis	他人のペニスを掴む	mt_unverified	他人のペニスを掴む		他人のペニスを掴む(mt)
113	general	toenail polish	マニキュア	mt_unverified	マニキュア		マニキュア(mt)|ペディキュア(wiki)
113	general	split	分割	mt_verified	分割		分割(mt)|開脚(wiki)
113	copyright	go-toubun no hanayome	五等分の花嫁	wiki		五等分的花嫁|五等分的新娘	
113	general	anal tail	アナル尻尾	wiki_verified	アナルテイル	肛塞尾巴	アナル尻尾(wiki)|アナルテイル(mt)
112	general	floral print	花柄	mt_unverified	花柄		花柄(wiki)
112	general	shadow	シャドウ	mt_verified	シャドウ	影子	シャドウ(mt)|影(wiki)|影子(wiki)
112	general	school swimsuit	スクール水着	wiki_verified	水着姿の制服	男子スク水|スクール水着|スク水男の娘|フリル付きスク水	スクール水着(wiki)|スク水(wiki)|水着姿の制服(mt)|男子スク水(wiki)
112	general	sneakers	スニーカー	mt_verified	スニーカー		スニーカー(wiki)
112	general	close-up	クローズアップ	mt_verified	クローズアップ		クローズアップ(mt)|特写(wiki)
112	general	hair scrunchie	ヘアゴム	mt_unverified	ヘアゴム		ヘアゴム(mt)
112	general	grabbing own breast	自分の巨乳を掴む	mt_verified	自分の巨乳を掴む		自分の巨乳を掴む(mt)
112	artist	@wakamatsu372	@wakamatsu372	passthrough			
111	general	pink halo	ピンクのハロー	mt_verified	ピンクのハロー		ピンクのハロー(tagpair)|ピンクのリング(tagpair)
111	general	light blush	淡い赤み	mt_unverified	淡い赤み		軽い赤面(tagpair)|軽めの赤面(tagpair)|淡い赤み(mt)
111	general	character name	キャラクター名	mt_verified	キャラクター名		キャラクター名(tagpair)|キャラクター名表記(tagpair)
111	general	puffy nipples	膨らんだ乳首	mt_unverified	膨らんだ乳首	巨乳首	パフィーニップル(wiki)|膨らんだ乳首(mt)|巨乳首(wiki)
111	artist	@deyui	@deyui	passthrough			
110	general	classroom	教室	mt_verified	教室		教室(wiki)
110	general	on floor	床の上	mt_unverified	床の上		床に座る(tagpair)|床に横たわる(tagpair)|床の上(mt)
110	general	book	本	mt_verified	本	書	本(wiki)|書(wiki)
110	general	veil	ベール	mt_verified	ベール		ベール(wiki)
110	general	red nails	赤い爪	tagpair_verified	赤いネイル		赤い爪(tagpair)|赤いネイル(tagpair)
110	general	shark tail	鮫しっぽ	wiki_verified	サメの尾	さめしっぽ	鮫しっぽ(wiki)|サメの尾(mt)|さめしっぽ(wiki)
110	general	wolf ears	狼耳	mt_verified	狼耳		狼耳(wiki)
110	general	holding another's wrist	手首を握る	tagpair_verified	他人の手首を握る		手首を握る(tagpair)|手首押さえつけ(wiki)|他人の手首を握る(mt)|手首を掴む(tagpair)
110	general	torogao	トロガオ	mt_unverified	トロガオ	平淡高潮	トロ顔(wiki)|トロガオ(mt)|平淡高潮(wiki)
110	artist	@kawakami rokkaku	@kawakami rokkaku	passthrough			
110	character	ichigo (mignon)	妹の友達いちごちゃん	wiki			
109	general	hair rings	髪環	tagpair_verified	髪飾り		髪環(tagpair)|髪環スタイル(tagpair)|ドーナツヘア(wiki)|髪飾り(mt)
109	general	animal collar	アニマルカラー	mt_unverified	アニマルカラー		犬の首輪(wiki)|アニマルカラー(mt)
109	general	blue shorts	青い短パン	tagpair_verified	青いショートパンツ		青い短パン(tagpair)|青いショートパンツ(tagpair)
109	general	kneepits	膝の付け根	mt_unverified	膝の付け根	膝裏	ひかがみ(wiki)|膝の付け根(mt)|膝裏(wiki)
109	general	black legwear	黒い脚衣装	mt_unverified	黒い脚衣装		黒い靴下(tagpair)|黒いタイツ(tagpair)|黒い膝上丈(tagpair)|黒い脚衣装(mt)
109	general	weapon	武器	mt_verified	武器	兵器|武装|武装少女	武器(wiki)|兵器(wiki)|武装(wiki)
109	general	backboob	巨乳の後ろ姿	mt_unverified	巨乳の後ろ姿	后乳	巨乳の後ろ姿(mt)|裏乳(wiki)|后乳(wiki)
109	general	breast sucking	巨乳吸い	mt_verified	巨乳吸い		巨乳吸い(mt)|乳吸い(wiki)
108	general	foot focus	足中心	mt_unverified	足中心	足控|足部特写	足フェチ(wiki)|足中心(mt)|足部特写(wiki)
108	general	school bag	スクールバッグ	wiki_verified	制服のカバン	スクールバッグ|学生鞄	スクールバッグ(wiki)|制服のカバン(mt)|制服リュック(wiki)
108	general	alternate breast size (larger)	巨乳（大）	mt_unverified	巨乳（大）	爆乳化|超乳化	爆乳化(wiki)|巨乳（大）(mt)|巨乳化(wiki)|超乳化(wiki)
108	general	disembodied hand	抜けた手	mt_unverified	抜けた手	浮空手	紳士ハンド(wiki)|浮遊する手(tagpair)|抜けた手(mt)|浮空手(wiki)|浮遊手(tagpair)
108	general	sharp teeth	鋭い歯	mt_verified	鋭い歯		鋭い歯(mt)|ギザ歯(wiki)
108	general	cosplay	コスプレ	mt_unverified	コスプレ	ポケコス|エロコス|異作品コスプレ|プラグスーツコス	コスプレ(wiki)|ポケコス(wiki)|エロコス(wiki)
107	general	yellow halo	黄色い光輪	tagpair_verified	黄色いハロー		黄色い光輪(tagpair)|黄色いハロー(tagpair)
107	general	wedgie	ウェッジ	mt_unverified	ウェッジ		食い込み(wiki)|ウェッジ(mt)
107	general	licking lips	舌なめずり	wiki_verified	唇を舐める	舌舐めずり	舌なめずり(wiki)|舌舐めずり(wiki)|唇を舐める(mt)
107	general	blue dress	青ドレス	wiki_verified	青いドレス	青いワンピ|青いワンピース	青ドレス(wiki)|青いワンピ(wiki)|青いワンピース(wiki)|青いドレス(mt)
107	copyright	girls' frontline 2: exilium	ドルフロ2	wiki		ドルフロ2周年|ドルフロ2_周年|ドルフロ21周年|ドルフロ22周年	
107	general	red dress	赤ワンピ	wiki_verified	赤いドレス	赤ドレス|赤いワンピ|赤いドレス|赤いワンピース	赤ワンピ(wiki)|赤ドレス(wiki)|赤いワンピ(wiki)|赤いドレス(tagpair)
107	general	cum on tongue	舌に精液	mt_unverified	舌に精液	舌射	舌に精液(mt)|舌射(wiki)|溜め精液(wiki)
107	artist	@sweetonedollar	@sweetonedollar	passthrough			
106	general	animal hands	動物の手	mt_verified	動物の手		動物の手(mt)|肉球(wiki)
106	general	cooperative fellatio	協力的なフェラチオ	mt_unverified	協力的なフェラチオ	ダブルフェラ|トリプルフェラ	協力的なフェラチオ(mt)|Wフェラ(wiki)|ダブルフェラ(wiki)|トリプルフェラ(wiki)
106	general	pink bow	ピンクのボウ	tagpair_verified	ピンクのリボン		ピンクのボウ(tagpair)|ピンクのリボン(tagpair)
106	general	mating press	交尾プレス	mt_verified	交尾プレス		交尾プレス(mt)|種付けプレス(wiki)
106	general	striped thighhighs	ストライプ入りニーハイ	mt_unverified	ストライプ入りニーハイ	縞ニーソ	縞スト(wiki)|縞ニーソ(wiki)|ストライプ入りニーハイ(mt)
105	general	page number	ページ番号	mt_verified	ページ番号		ページ番号(tagpair)
105	general	1other	もう1人	mt_unverified	もう1人	性別不詳	性別不明キャラクター(tagpair)|もう1人(mt)|中性(wiki)|性別不明(tagpair)
105	general	bra lift	ブラジャー持ち上げ	mt_verified	ブラジャー持ち上げ		ブラジャー持ち上げ(tagpair)|ブラジャー引き上げ(tagpair)|上ズレ(wiki)
105	general	white ribbon	白のリボン	tagpair_verified	白いリボン		白のリボン(tagpair)|白いリボン(tagpair)
105	general	4girls	女の子4人	mt_unverified	女の子4人		四人の女性(tagpair)|四人の女の子(tagpair)|女の子4人(mt)
104	general	white skirt	白いスカート	mt_verified	白いスカート		白いスカート(tagpair)|白いミニスカート(tagpair)
104	general	pussy juice trail	愛液の跡	mt_unverified	愛液の跡		垂れ愛液(wiki)|膣分泌物の跡(tagpair)|愛液の跡(mt)
104	general	demon wings	悪魔羽	wiki_verified	悪魔の翼		悪魔羽(wiki)|悪魔の翼(mt)
104	general	pants pull	ズボン下ろし	wiki_verified	パンツ引き下げ		ズボン下ろし(wiki)|ズボン引き下ろし(tagpair)|パンツ引き下げ(mt)
104	general	cow ears	牛の耳	mt_unverified	牛の耳		牛の耳(mt)|牛耳(wiki)
104	general	blue sailor collar	青いセーラー襟	tagpair_verified	青いセーラーカラー		青いセーラー襟(tagpair)|青いセーラーカラー(tagpair)
104	general	white hat	白い帽子	mt_verified	白い帽子		白い帽子(tagpair)
104	general	single braid	片編み込み	tagpair_verified	一本の三つ編み		片編み込み(tagpair)|一本の三つ編み(mt)|片編み(tagpair)
104	general	instant loss	即時消失	mt_unverified	即時消失	即堕ち2コマ|即堕ち2コマシリーズ|即落ち2コマシリーズ|即堕	即堕ち(wiki)|即堕ち2コマ(wiki)|即堕ち2コマシリーズ(wiki)|即時消失(mt)
104	general	spread ass	お尻を広げる	mt_unverified	お尻を広げる		尻を広げる(tagpair)|お尻を広げる(mt)
103	general	dog ears	犬耳	mt_verified	犬耳	犬耳	犬耳(wiki)|いぬみみ(wiki)
103	general	female orgasm	女性のオーガズム	mt_verified	女性のオーガズム		女性のオーガズム(tagpair)|高潮(女性)(wiki)|オーガズム(tagpair)
103	copyright	bocchi the rock!	ぼざろ	wiki		ぼざろおえかき|ぼっち・ざ・ろっく|ぼっち·ざ·ろっく|ぼっち・ざ・ろっく!	
103	character	shinomiya kaguya	四宮かぐや	wikidata		かぐや	
103	general	tiles	タイル	mt_unverified	タイル		タイル(wiki)
102	copyright	make heroine ga oo sugiru!	マケイン	wiki		負けヒロインが多すぎる|負けヒロインが多すぎる!	
102	general	cowbell	カウベル	mt_verified	カウベル		カウベル(wiki)
101	general	water drop	水滴	mt_unverified	水滴	水滴	水滴(wiki)|雫(wiki)
101	copyright	indie virtual youtuber	個人勢	wiki_han		個人V|完全個人勢|個人Vtuber|個人勢Vtuber	
101	general	pom pom (clothes)	ポンポン（服装）	mt_verified	ポンポン（服装）		ポンポン（服装）(mt)|ポンポン(tagpair)|ポンポン装飾(tagpair)
