count	slots	chars	axis	ja	en	via
14754	3	5	general	女の子1人	1girl	mt_unverified
10634	2	2	general	赤面	blush	wiki_verified
10429	5	6	general	露骨な性描写	explicit	rating
9536	2	3	general	長い髪	long hair	mt_verified
7670	3	5	general	カメラ目線	looking at viewer	override
7264	2	2	general	乳首	nipples	mt_unverified
7085	5	5	general	男の子1人	1boy	mt_unverified
6442	2	4	general	修正あり	censored	mt_unverified
6407	3	3	general	ヘテロ	hetero	wiki_verified
6356	3	5	general	口を開ける	open mouth	override
6258	2	2	general	ソロ	solo	wiki_verified
6111	2	2	general	巨乳	large breasts	mt_unverified
6041	2	2	general	へそ	navel	wiki_verified
5460	3	3	general	ペニス	penis	mt_verified
4919	4	4	general	おまんこ	pussy	mt_unverified
4211	2	2	general	黒髪	black hair	mt_verified
4126	2	2	general	笑顔	smile	override
4070	2	2	general	お尻	ass	mt_unverified
3652	2	2	general	下着	underwear	mt_verified
3571	3	7	general	シンプルな背景	simple background	mt_verified
3556	3	4	general	おっぱい	breasts	tagpair_verified
3540	3	3	general	太もも	thighs	mt_verified
3523	2	2	general	貧乳	small breasts	override
3447	2	4	copyright	自キャラ	original	wiki
3404	3	3	general	青い目	blue eyes	override
3351	3	3	general	髪飾り	hair ornament	mt_verified
3319	4	6	general	ショートヘア	short hair	mt_verified
3137	3	6	general	センシティブ	sensitive	rating
3127	2	4	general	成人向け	nsfw	rating
3056	3	4	general	白い背景	white background	mt_verified
3023	2	4	general	バー修正	bar censor	override
3010	2	4	general	横になる	lying	mt_unverified
2943	6	7	general	ソロフォーカス	solo focus	tagpair_verified
2899	2	2	general	茶髪	brown hair	override
2836	3	4	general	普通の胸	medium breasts	mt_unverified
2780	2	2	general	ロリ	loli	mt_verified
2765	2	2	general	精液	cum	mt_unverified
2742	2	3	general	ヌード	nude	wiki_verified
2716	2	2	general	開脚	spread legs	wiki_verified
2603	6	8	general	モザイク修正あり	mosaic censoring	mt_unverified
2547	2	2	general	鎖骨	collarbone	mt_unverified
2509	4	6	general	ツインテール	twintails	mt_verified
2505	4	6	general	金髪ショート	blonde hair	wiki_verified
2501	2	2	general	全裸	completely nude	mt_unverified
2466	2	3	general	ハート	heart	mt_verified
2436	2	2	general	水着	swimsuit	mt_unverified
2287	2	3	general	肩出し	bare shoulders	mt_unverified
2216	5	5	general	口を閉じる	closed mouth	override
2194	3	3	general	赤い目	red eyes	mt_verified
2159	2	2	general	獣耳	animal ears	override
2138	3	3	general	後ろ姿	on back	mt_unverified
2110	2	2	general	前髪	hair between eyes	override
1991	2	2	general	座る	sitting	mt_unverified
1960	2	2	general	お腹	stomach	mt_verified
1907	6	8	general	複数の女の子1人	multiple girls	mt_verified
1901	3	4	general	紫色の瞳	purple eyes	mt_verified
1900	2	2	general	立つ	standing	mt_verified
1897	2	2	general	長袖	long sleeves	mt_verified
1860	4	7	general	服が持ち上がる	clothes lift	mt_verified
1860	4	4	general	茶色い目	brown eyes	mt_verified
1772	3	3	general	アヌス	anus	wiki_verified
1736	3	4	general	舌を出す	tongue out	override
1686	3	6	general	アクセサリー	jewelry	override
1675	4	4	general	胸の谷間	cleavage	override
1658	3	3	copyright	青アカ	blue archive	wiki
1650	4	9	general	後ろからのセックス	sex from behind	mt_verified
1632	3	3	general	お辞儀	bow	mt_verified
1618	3	4	general	白シャツ	white shirt	wiki_verified
1611	7	8	general	ベリーロングヘア	very long hair	wiki_verified
1590	3	3	general	多色髪	multicolored hair	wiki_verified
1567	3	3	general	青い髪	blue hair	mt_verified
1564	3	4	general	吹き出し	speech bubble	mt_unverified
1508	2	2	general	視点	pov	mt_unverified
1464	3	5	general	女の子2人	2girls	mt_unverified
1429	3	4	general	ピンク髪	pink hair	wiki_verified
1404	2	2	general	裸足	barefoot	mt_verified
1400	2	2	general	勃起	erection	mt_verified
1395	6	8	general	オマンコに中出し	cum in pussy	mt_unverified
1374	2	2	general	持つ	holding	mt_verified
1372	4	5	general	ベッドの上	on bed	mt_verified
1332	4	4	general	緑色の瞳	green eyes	mt_verified
1325	5	5	general	目を閉じる	closed eyes	mt_unverified
1304	3	4	general	もみあげ	sidelocks	override
1279	2	2	general	白髪	grey hair	mt_unverified
1277	2	3	general	ハロー	halo	mt_unverified
1271	5	6	general	ポニーテール	ponytail	override
1269	2	4	general	修正なし	uncensored	mt_unverified
1231	2	3	general	学生服	school uniform	tagpair_verified
1193	2	2	general	愛液	pussy juice	mt_unverified
1187	3	3	general	脇の下	armpits	mt_verified
1178	2	2	general	白髪	white hair	mt_verified
1177	3	4	general	黄色い目	yellow eyes	mt_verified
1161	6	6	general	黒いニーハイ	black thighhighs	mt_unverified
1153	3	4	general	開いた唇	parted lips	tagpair_verified
1136	2	2	general	口淫	oral	mt_unverified
1118	5	7	general	女性フォーカス	female focus	mt_unverified
1115	4	4	general	三つ編み	braid	mt_verified
1112	3	4	general	後ろから	from behind	mt_verified
1103	6	8	general	ミディアムヘアー	medium hair	wiki_verified
1085	4	5	general	チョーカー	choker	mt_verified
1083	3	3	general	アホ毛	ahoge	override
1075	3	3	general	ぱんつ	panties	wiki_verified
1066	4	4	general	ニーハイ	thighhighs	mt_unverified
1064	4	5	general	女性の陰毛	female pubic hair	mt_verified
1046	4	5	general	肩出しの服	open clothes	mt_unverified
1040	3	4	general	振り返る	looking back	mt_verified
1039	3	4	general	紫色の髪	purple hair	mt_verified
1027	4	5	general	ボトムレス	bottomless	wiki_verified
1018	5	5	general	髪のリボン	hair ribbon	tagpair_verified
1008	3	4	general	キンタマ	testicles	wiki_verified
1004	6	8	general	体に精液をかける	cum on body	mt_unverified
1003	5	5	general	複数の視点	multiple views	mt_unverified
996	4	4	general	平らな胸	flat chest	mt_verified
994	3	3	general	まくら	pillow	wiki_verified
993	4	5	general	フェラチオ	fellatio	mt_unverified
976	2	3	general	全身絵	full body	wiki_verified
974	2	4	general	触ること	groping	mt_unverified
969	8	11	general	服を着た女性 裸の男性	clothed female nude male	mt_unverified
963	3	4	general	尖った耳	pointy ears	override
954	6	9	general	カウボーイショット	cowboy shot	mt_verified
953	3	3	general	足の指	toes	mt_verified
948	2	5	general	イヤリング	earrings	mt_verified
942	3	4	general	スカート	skirt	mt_verified
938	2	2	general	唾液	saliva	mt_verified
932	3	3	general	シーツ	bed sheet	mt_unverified
910	3	3	general	ほくろ	mole	mt_unverified
887	2	3	general	年の差	age difference	wiki_verified
887	3	4	general	またがる	straddling	mt_unverified
882	2	2	general	赤毛	red hair	mt_verified
878	6	7	general	シンボル型の瞳	symbol-shaped pupils	mt_unverified
874	6	7	copyright	gnsnプラス	genshin impact	wiki
872	4	7	general	白いパンティー	white panties	mt_verified
868	7	13	general	バーチャルYouTuber	virtual youtuber	mt_verified
850	4	4	general	鈍い前髪	blunt bangs	mt_unverified
848	2	3	general	しっぽ	tail	wiki_verified
837	2	3	general	ベッド	bed	mt_verified
833	8	9	general	ヴィーナスの割れ目	cleft of venus	mt_unverified
828	6	6	general	白いニーハイ	white thighhighs	mt_unverified
828	6	6	general	複数の男の子	multiple boys	mt_verified
825	5	11	general	女の子が上に乗っている	girl on top	tagpair_verified
825	2	2	general	半袖	short sleeves	mt_verified
825	6	7	general	アーティスト名	artist name	mt_verified
820	4	6	general	ヘアクリップ	hairclip	mt_unverified
794	2	2	general	濡れ	wet	wiki_verified
789	4	4	general	ノーパン	no panties	wiki_verified
779	2	3	general	動き線	motion lines	mt_unverified
774	2	4	general	モノクロ	monochrome	mt_verified
765	4	5	general	マニキュア	nail polish	mt_verified
765	6	8	general	プリーツスカート	pleated skirt	mt_unverified
759	2	2	general	屋外	outdoors	mt_verified
759	3	6	general	集団セックス	group sex	mt_verified
739	2	3	general	震える	trembling	mt_unverified
738	3	4	copyright	アイマス	idolmaster	wiki
718	4	5	general	男性の陰毛	male pubic hair	mt_verified
715	3	3	general	ビキニ	bikini	mt_verified
714	3	4	general	ウィンク	one eye closed	override
707	5	6	general	偽の動物の耳	fake animal ears	mt_verified
701	5	7	general	グレースケール	greyscale	mt_unverified
694	5	7	general	スカートめくり	skirt lift	wiki_verified
689	4	7	general	黒いパンティー	black panties	mt_verified
686	5	6	general	服を引っ張る	clothes pull	override
677	3	4	copyright	ホログラ	hololive	wiki
675	4	4	general	お団子頭	hair bun	mt_unverified
674	2	3	general	手指甲	fingernails	wiki_verified
674	3	6	general	着衣セックス	clothed sex	mt_verified
667	2	2	general	射精	ejaculation	mt_verified
666	4	5	general	腕を上げる	arms up	mt_unverified
664	4	5	general	黒スカート	black skirt	tagpair_verified
659	2	2	general	手袋	gloves	mt_verified
657	7	8	general	他人の巨乳を掴む	grabbing another's breast	mt_unverified
653	5	5	general	分離式の袖	detached sleeves	mt_unverified
651	2	3	general	肩出し	breasts out	mt_unverified
649	2	2	general	お花	flower	wiki_verified
645	4	5	general	黒肌の男性	dark-skinned male	mt_unverified
644	5	6	general	ハート型の瞳	heart-shaped pupils	mt_unverified
644	5	10	general	スキンデンテーション	skindentation	mt_unverified
641	2	2	general	靴底	soles	mt_unverified
638	5	9	general	シャツが持ち上がる	shirt lift	mt_verified
634	4	4	general	黒い手袋	black gloves	mt_verified
628	2	2	general	猫耳	cat ears	override
628	6	8	general	ドッギースタイル	doggystyle	mt_unverified
623	7	9	general	ミッショナリー姿勢	missionary	mt_unverified
621	2	2	general	巨乳	huge breasts	mt_unverified
619	3	3	general	髪留め	hair bow	mt_unverified
614	4	7	general	服装は別として	clothing aside	mt_unverified
614	6	7	general	黒のチョーカー	black choker	tagpair_verified
608	6	6	general	肘用グローブ	elbow gloves	mt_unverified
607	4	4	general	緑色の髪	green hair	mt_verified
606	5	7	general	光沢のある皮膚	shiny skin	tagpair_verified
604	2	3	general	横から	from side	mt_verified
597	3	4	general	ボウタイ	bowtie	wiki_verified
597	5	6	general	英語テキスト	english text	mt_verified
596	5	6	copyright	にんてんどう	nintendo	wiki
586	3	3	general	リボン	ribbon	mt_verified
585	5	5	general	四つん這い	all fours	mt_verified
585	5	7	general	ストライプヘア	streaked hair	mt_unverified
584	7	7	general	目を半分閉じる	half-closed eyes	mt_unverified
581	5	7	general	ストライプの服	striped clothes	mt_verified
580	3	3	general	騎乗位	cowgirl position	tagpair_verified
580	2	2	general	くつ	shoes	wiki_verified
573	2	3	general	シャツ	shirt	mt_verified
565	6	7	general	目の下のほくろ	mole under eye	mt_verified
562	4	4	general	ノーブラ	no bra	wiki_verified
561	3	4	general	ピンク目	pink eyes	wiki_verified
558	5	6	general	巨大なペニス	large penis	mt_unverified
549	4	4	general	精液垂れ	cumdrip	mt_unverified
545	4	4	general	前かがみ	bent over	mt_unverified
542	2	2	general	裸足	bare legs	mt_unverified
541	2	2	general	股間	groin	mt_verified
540	6	8	general	アフターセックス	aftersex	mt_unverified
535	4	6	general	襟付きシャツ	collared shirt	tagpair_verified
533	5	6	general	ツイッター名	twitter username	mt_unverified
532	6	9	general	ツートンカラーの髪	two-tone hair	mt_verified
527	2	4	general	コミック	comic	mt_verified
526	10	15	general	公式別バージョンのコスチューム	official alternate costume	mt_unverified
522	5	6	general	ノースリーブ	sleeveless	mt_verified
520	7	9	general	別バージョンの衣装	alternate costume	mt_unverified
518	2	2	general	跪く	kneeling	wiki_verified
516	4	4	general	ぼやけた	blurry	mt_verified
515	5	7	general	オフショルダー	off shoulder	wiki_verified
501	9	11	general	動物の耳のふわふわ部分	animal ear fluff	mt_unverified
