id	lang	image_id	note_id	path	w	h	orient	text	note_body	status	label_note	zh_script
9161673_680261	ko	9161673	680261	crops/9161673_680261.webp	331	171	horizontal	최근 제게 보내는 관심이 부족하지 않습니까?	I think the amount of attention you've been giving me is insufficient, don't you?	drafted	opus: typeset; 3 lines joined with spaces	
15001566_912442	ko	15001566	912442	crops/15001566_912442.webp	94	94	unknown	잠깐만 오리히메.	Wait a minute, Orihime.	drafted	opus: typeset; 2 lines	
9559001_698687	ko	9559001	698687	crops/9559001_698687.webp	129	103	unknown	조로	Zoro	drafted	opus: hand-lettered	
12358258_821743	ko	12358258	821743	crops/12358258_821743.webp	119	122	unknown	브루주아 미노리	Bourgeoisie Minori	uncertain	opus: hand-lettered scrawl; 1st-2nd glyphs read as 브루 (the ㅡ of 1st and the ㅜ of 2nd share one long diagonal stroke, vertical drop sits under the 2nd glyph's ㄹ); could be the standard spelling 부르주아 if the drop belongs to the 1st glyph. 3rd glyph 주 small/cramped. 2 lines joined with space	
2878886_273389	ko	2878886	273389	crops/2878886_273389.webp	534	88	horizontal	아햐아아아앙♡♡	Aahyaaaaang♡♡	drafted	opus: outlined SFX-style lettering; 2nd syllable is 햐 (ㅑ), 6 syllables	
4780763_524207	ko	4780763	524207	crops/4780763_524207.webp	308	250	unknown	속옷 너무 애 같나…	Your underwears look like a kid's...	drafted	opus: hand-lettered; 3-dot ellipsis written as …	
12374009_822345	ko	12374009	822345	crops/12374009_822345.webp	881	47	horizontal	바르카롤라는 눈물을 그치고 멍하니 파투투를 바라보았다.	"<span style=""font-family:'PT Serif', 'formal serif', serif;"">Barcarola’s tears come to a sudden stop, and she looks deeply into her friend’s eyes.</span>"	drafted	opus: typeset narration line	
10369443_742755	ko	10369443	742755	crops/10369443_742755.webp	323	266	unknown	내 발, 그렇게 기분 좋았어?♡	Did my feel that good? 	drafted	opus: typeset; filled heart written as ♡	
9241350_683559	ko	9241350	683559	crops/9241350_683559.webp	436	268	horizontal	폼폼푸린 포즈 해주세요…♡	Please do the Pom Pom Purin Pose <3	drafted	opus: hand-lettered; 3-dot ellipsis as …; filled heart as ♡	
2355716_468364	ko	2355716	468364	crops/2355716_468364.webp	221	59	horizontal	네. 알겠습니다.	Yessir!	uncertain	opus: brush lettering; the small faint mark after 네 read as a period, could be a comma or a stray speck (alt 네, 알겠습니다. / 네 알겠습니다.)	
4208673_350386	ko	4208673	350386	crops/4208673_350386.webp	270	124	horizontal	저기…♡ 아기도 만들 수 있는데..♡	Excuse me... ♡<br />I can make a baby too... ♡	uncertain	opus: hand-lettered; line-3 spacing ambiguous (glyphs nearly evenly spaced, could be 만들수있는데 as lettered) - used standard spacing 만들 수 있는데. First ellipsis 3 dots (…), second only 2 dots (..). Pink hearts included as ♡	
1496679_139100	ko	1496679	139100	crops/1496679_139100.webp	81	61	unknown	이글	*burning*	drafted	opus: hand-drawn SFX (이글이글 burning); only these two syllables in the crop	
6381960_535368	ko	6381960	535368	crops/6381960_535368.webp	197	65	horizontal	라면 먹고 갈래?	"wanna have some ramen? <div style=""color:#808080;""><tn>a Korean slang equivalent to Netflix and chill</tn></div>"	uncertain	opus: hand-lettered; clear gap after 라면 but 먹고갈래 is tight - spacing ambiguous, used standard spacing 먹고 갈래	
5025184_416946	ko	5025184	416946	crops/5025184_416946.webp	100	27	horizontal	쵸코 내놔♡	Give me the chocolate ♥	drafted	opus: outlined lettering; 쵸 (ㅛ) as lettered; small heart as ♡	
7984685_835487	ko	7984685	835487	crops/7984685_835487.webp	191	68	horizontal		Lieutenant General (infantry)	skip	opus: skip: no text in crop - only a shoulder-board with two stars; the note is a translator gloss of the rank insignia	
4750493_624267	ko	4750493	624267	crops/4750493_624267.webp	65	44	horizontal	샤코	Shako	drafted	opus: hand-lettered	
8543881_640590	ko	8543881	640590	crops/8543881_640590.webp	443	290	horizontal	트레이너 님, 저 너무 기뻐요~ 감사합니다!	"<big>Trainer-san, I am so HAPPY! Thank you very much!</big> <tn>""Trainer-nim"" in the original.</tn>"	drafted	opus: typeset with wide tracking; gap between 트레이너 and 님 matches the word gaps so kept as a space (if it is only tracking: 트레이너님)	
5189969_438105	ko	5189969	438105	crops/5189969_438105.webp	70	81	unknown	난 아직 두번 밖에 안했다구 좀 더 힘내봐	I've only come two times; put some effort into it.	drafted	opus: typeset; spacing as lettered (두번 밖에, 안했다구); 4 lines joined with spaces	
1994461_234132	ko	1994461	234132	crops/1994461_234132.webp	31	36	unknown	좀더	More♥	uncertain	opus: small crop; 좀더 lettered without space inside a heart-shaped balloon. A separate purple v-shaped stroke at bottom-right edge may be a cut-off ♡ (note says More♥) - not labelled	
10506425_748581	ko	10506425	748581	crops/10506425_748581.webp	311	73	horizontal	포니테일	"<span style=""color:#FFFFFF;""></span><div class=""note-box-attributes"" style=""background-color:#717171;""></div>Ponytail"	drafted	opus: typeset caption	
5155564_431950	ko	5155564	431950	crops/5155564_431950.webp	115	44	horizontal	물에중독되지말라	Don't get intoxicated by water	uncertain	opus: lettered with no visible spaces (standard: 물에 중독되지 말라); last glyph partly cut at right edge, read 라 (alt 리); a line of text above is cut off at the top edge and not labelled	
13977041_880617	ko	13977041	880617	crops/13977041_880617.webp	372	151	horizontal	칼 안 들고 싸우는 건 좋은데.... 슬슬 가볼까요?	Fighting empty-handed is all well and good but... hadn't we best be on our way?	drafted	opus: typeset; 4 dots after 좋은데 kept as ....	
5351396_448486	ko	5351396	448486	crops/5351396_448486.webp	179	179	unknown	스읏	*Implying / Suggestive	uncertain	opus: single-brush SFX; 2nd glyph's final drawn as an arch read as ㅅ (스읏), could be a lazily drawn ㄱ (alt 스윽)	
4157732_661391	ko	4157732	661391	crops/4157732_661391.webp	388	129	horizontal	아… 빨리 전역하고 싶다…	Ah... I want to get discharged quickly...	drafted	opus: hand-style font; 3-dot ellipses as …	
4626247_356854	ko	4626247	356854	crops/4626247_356854.webp	306	341	unknown	지휘관..♡ 지휘관의 심장박동이 느껴져요…♡	Shikkikan...♥<br /><br />I can feel<br />shikkikan's<br />heartbeat... ♥♥	uncertain	opus: hand-lettered; the pink hearts directly after 지휘관.. and after 느껴져요… are taken as text ♡, other floating hearts on the balloon excluded - reviewer may drop the hearts. 2 dots after first 지휘관, 3 after 느껴져요	
419558_87084	ko	419558	87084	crops/419558_87084.webp	111	74	horizontal	통곡	Wailing	uncertain	opus: large SFX cut at the bottom edge: lower parts (ㅇ of 통, final ㄱ of 곡) are partly cut; read from the visible ㅌ/ㅗ and ㄱ/ㅗ	
2712087_247260	ko	2712087	247260	crops/2712087_247260.webp	197	169	unknown	아침이에요 주인님~♡	Morning, my master~♥	drafted	opus: hand-lettered; pink heart as ♡	
9301277_686901	ko	9301277	686901	crops/9301277_686901.webp	48	351	vertical	다들 조용히 해	"""Shut up everyone"""	drafted	opus: vertical text read top to bottom; faint white marks at the very bottom edge may be cut punctuation, not labelled	
14181154_888327	ko	14181154	888327	crops/14181154_888327.webp	191	87	horizontal	개X끼들..다 죽여 버릴꺼야	<i>You sons of bitches... I'm going to kill you all.<i></i></i>	drafted	opus: typeset; Latin capital X used as a censor glyph, kept; no space after .. as lettered	
1713575_165095	ko	1713575	165095	crops/1713575_165095.webp	125	89	unknown	아악!	Argh!	drafted	opus: brush lettering	
1572198_148843	ko	1572198	148843	crops/1572198_148843.webp	147	59	horizontal	야전사용 예	Example of field usage	drafted	opus: typeset; text cut at the right edge right after 예 (probably 예시); a partial mark at the left edge not labelled	
4484630_356866	ko	4484630	356866	crops/4484630_356866.webp	191	163	unknown	모후빔	Mofu - beam	drafted	opus: hand-lettered; even glyph gaps so no space	
1788445_272247	ko	1788445	272247	crops/1788445_272247.webp	201	475	vertical	4호실 입실 여경 1P HQ 박아영	Room 4<br />Current female<br />1P HQ<br />Park, Ah-Young<br /><small>(The pronounciation of Park, Ah-Young means 'fuck me' in Korean.)</small>	drafted	opus: rotated (~70 deg) door sign + name tag; contains digit and Latin (4, 1P HQ); read sign then tag top to bottom	
14855387_906834	ko	14855387	906834	crops/14855387_906834.webp	174	57	horizontal	하연우(18)	Ha Yeonu (18)	drafted	opus: typeset name caption	
10953159_774697	ko	10953159	774697	crops/10953159_774697.webp	641	106	horizontal	착화제 (FFM7, 산화철-산화납-티타늄 혼합물)	Complexing Agent (FFM7, Iron-Oxide, Lead-Oxide, Titanium mixture)	drafted	opus: typeset; top of first line slightly clipped but legible; 2 lines joined with a space	
2263767_214809	ko	2263767	214809	crops/2263767_214809.webp	65	46	unknown	이제 안 심심하지?	Are you bored now?	uncertain	opus: hand-lettered; line 2 looks unspaced (안심심하지?) - used standard spacing 안 심심하지. 2nd 심 has a rounded ㅁ that could be read as ㅇ (싱), context favours 심	
3530761_321126	ko	3530761	321126	crops/3530761_321126.webp	121	82	horizontal	어머니—!!!	Mother--!!!	uncertain	opus: hand-lettered; long horizontal dash after 니 transcribed as — (could be an elongated ㅡ / ~); 3 exclamation marks, partly blending with speed lines	
13977384_880626	ko	13977384	880626	crops/13977384_880626.webp	175	37	horizontal	세상은 험한 거다…	The world is a harsh place...	drafted	opus: typeset; 3-dot ellipsis as …	
8205407_612749	ko	8205407	612749	crops/8205407_612749.webp	208	189	unknown	얌전히목줄이나달고살아	Just live on a leash.	uncertain	opus: typeset in a fixed grid with line breaks mid-word (얌전히목 / 줄이나달 / 고살아), so lines joined without spaces; standard spacing would be 얌전히 목줄이나 달고 살아	
525821_18106	ko	525821	18106	crops/525821_18106.webp	189	104	horizontal	떳다 그녀!!	There She Is!!	drafted	opus: title lettering; 떳 with single ㅅ as lettered (non-standard for 떴다); 다 drawn small beside 떳	
9147391_679636	ko	9147391	679636	crops/9147391_679636.webp	826	96	horizontal	마라탕 몰래 먹으려다 걸린 미야코	Miyako caught trying to sneak in some Spicy Hot Pot.	drafted	opus: typeset caption	
10001957_720525	ko	10001957	720525	crops/10001957_720525.webp	68	77	unknown	알파	Alpha	drafted	opus: hand-lettered, rotated ~90 deg; partial glyph fragments (ㅆ-like) of other text at top-right edge not labelled	
5187824_434914	ko	5187824	434914	crops/5187824_434914.webp	92	28	horizontal	혼난다~?	You'll be punished~?	drafted	opus: outlined lettering	
6551391_530881	ko	6551391	530881	crops/6551391_530881.webp	401	305	unknown	ㅇ.. 어어!! ㅈ.. 짐 풀자..	O...Oh Then take it easy!	drafted	opus: hand-lettered; stutter jamo ㅇ and ㅈ kept as standalone jamo; 짐 (rounded ㅁ, alt 집 unlikely)	
3805592_320627	ko	3805592	320627	crops/3805592_320627.webp	437	313	unknown	예.. 예쁘다고?	p..pretty?	drafted	opus: hand-lettered; 2 dots	
14664406_901398	ko	14664406	901398	crops/14664406_901398.webp	569	462	unknown		Ahh~!	skip	opus: skip: crop holds only a single blue brush stroke over a dark/bed background, no legible glyph; bbox looks misplaced (page is Korean, note text Ahh~! not visible here)	
14842862_906387	ko	14842862	906387	crops/14842862_906387.webp	151	58	horizontal	젖 짤 시간이다	It's milking time	drafted	opus: typeset caption	
5433251_452690	ko	5433251	452690	crops/5433251_452690.webp	495	403	unknown	룰루..... 살려저.....	Help... Lulu...	uncertain	opus: hand-lettered; 3rd glyph of line 2 has one ㅓ tick so read 저 (colloquial for 살려줘; alt 져); dot counts approximate (~5 each, irregular sizes)	
2726043_273518	ko	2726043	273518	crops/2726043_273518.webp	52	39	unknown	하루카	Haruka	drafted	opus: hand-lettered, slanted; ㅜ of 루 drawn with a hooked tail (could be misread 륵)	
55288_444243	ko	55288	444243	crops/55288_444243.webp	240	76	horizontal	사랑합니다	I love you	drafted	opus: outlined lettering	
8873829_665620	zh	8873829	665620	crops/8873829_665620.webp	1061	381	horizontal	国战略支	"<a href=""https://en.wikipedia.org/wiki/People%27s_Liberation_Army_Strategic_Support_Force"">People's Liberation Army Strategic Support Force</a> "	uncertain	opus: simp. Sign cut at both edges: 中 cut off at the left, 援 only ~2/3 visible at the right - only fully visible glyphs labelled (full sign reads 中国战略支援...); reviewer may want to include 援	simp
7614375_575859	zh	7614375	575859	crops/7614375_575859.webp	101	319	vertical	四四五	445	drafted	opus: script-neutral (no trad/simp difference); vertical, hand-brushed	neutral
4929941_442712	zh	4929941	442712	crops/4929941_442712.webp	119	116	unknown	嘘	SFX: gush	uncertain	opus: single hand-drawn SFX glyph (also on page near the girl's thigh): 口 + 虍 + 业 read as simp 嘘; trad 噓 is visually almost identical in hand lettering. Note says gush (more like 噗) but pixels show 嘘	simp
10052659_723630	zh	10052659	723630	crops/10052659_723630.webp	136	235	vertical	宜春	"<div style=""font-size:230%;font-family:hand;""><b>Yichun</b></div><div class=""note-box-attributes"" style=""background-color:#FFFFFF;""></div>"	drafted	opus: script-neutral; vertical calligraphy	neutral
7711100_587355	zh	7711100	587355	crops/7711100_587355.webp	98	122	unknown	妈咪在加班，今晚吃岩浆泡面。	Mama's doing overtime. We're having lava instant noodles for dinner tonight.	drafted	opus: simp; hand-lettered, 4 lines joined	simp
14271558_891350	zh	14271558	891350	crops/14271558_891350.webp	798	476	horizontal	诶诶诶???!!!蒂爾抱我了結…結婚!!	Ehhh???!!! Till hugged me M... Marriage!	drafted	opus: MIXED script as lettered: 诶 simp, 爾/結 trad; big pink 結 + small 結婚; half-width ?!; 3-dot ellipsis as …	mixed
10845557_765926	zh	10845557	765926	crops/10845557_765926.webp	972	112	horizontal	合层后用提亮工具提一些小亮点（基本完成）	After merging the layers, use the Dodge Tool to enhance some small highlights (basically complete at this point).	drafted	opus: simp; typeset, full-width parentheses	simp
14698518_902299	zh	14698518	902299	crops/14698518_902299.webp	58	150	vertical	榴莲	Durian	drafted	opus: simp (莲); vertical	simp
1485497_220812	zh	1485497	220812	crops/1485497_220812.webp	51	348	vertical	妳有資格說我嗎	You think you have the right to say that to me?	drafted	opus: trad; vertical	trad
14626528_900450	zh	14626528	900450	crops/14626528_900450.webp	1027	779	unknown	祝贺记忆管理局开播大吉！	Congratulations False Memory Good luck on the release!	drafted	opus: simp; brush title, 3 lines joined; a tiny cut glyph fragment at bottom-left edge excluded	simp
8335200_624525	zh	8335200	624525	crops/8335200_624525.webp	658	117	horizontal	「冰雪」主题的设计方案虽然做了很多，在选择时我们也曾有过犹豫，但最终决定弃用是因为这版方案的颜色基调过于趋同，且两个形态下的「天元骑英」对比不够强烈。	Yes, we had several drafts for it, and we hesitated for a while. But we decided to give them up because their colors were so similar that the two forms of Palatinus Equinox didn't have enough contrast.	drafted	opus: simp; typeset paragraph, 3 lines joined; red-highlighted spans are part of the same text	simp
14790098_904862	zh	14790098	904862	crops/14790098_904862.webp	1099	174	horizontal	——全部剪掉吧？	Cut it all off?	drafted	opus: script-neutral; hand-written chalk-style; leading long dash as ——	neutral
7564443_572295	zh	7564443	572295	crops/7564443_572295.webp	262	80	horizontal	「博士。」	"""Doctor."""	drafted	opus: script-neutral; hand-written with corner brackets	neutral
11544735_794910	zh	11544735	794910	crops/11544735_794910.webp	45	145	vertical	好可爱	So cute	drafted	opus: simp (爱); vertical	simp
10917562_769513	zh	10917562	769513	crops/10917562_769513.webp	60	173	vertical	青鬼巢穴	Green Ghost Lair	drafted	opus: script-neutral; vertical	neutral
2270066_215619	zh	2270066	215619	crops/2270066_215619.webp	237	126	horizontal	有個好老婆：彼此可說是非常相愛	He has a loving wife, and they both love each other dearly.	drafted	opus: trad; laid out as a 3x5 grid but it is vertical text - columns read right to left (row-wise reading does not parse)	trad
14562919_898900	zh	14562919	898900	crops/14562919_898900.webp	528	377	unknown	根本不知道在畫啥但誰在乎呢～小扇 my wife♡	I'm not sure what I'm drawing here at all, but who cares? Beloved Ougi, my wife ♥	uncertain	opus: trad (畫/誰); hand-written; Latin my wife kept with the visible space before it; leading wavy stroke on line 3 is partly cut at the left edge, read as ～ (could be decoration); 扇 hand-drawn (Ougi)	trad
11708974_801295	zh	11708974	801295	crops/11708974_801295.webp	703	247	horizontal		Yes, I'm here. 	skip	opus: skip: only the Japanese hiragana は is visible (cut at the right edge; page shows handwritten はい…), not Chinese	neutral
1245632_147234	zh	1245632	147234	crops/1245632_147234.webp	40	56	unknown	咦!?	Huh!?	drafted	opus: script-neutral; small hand-lettered	neutral
1261471_110022	zh	1261471	110022	crops/1261471_110022.webp	138	147	unknown	盒子內禁止積任何能遮蔽玩意兒的液體。	Refrain from putting anything in the box that blocks your junk's liquid.	drafted	opus: trad; vertical, columns right to left	trad
11694939_800831	zh	11694939	800831	crops/11694939_800831.webp	101	195	vertical	你幹嘛一直盯著天花板啊？很可怕耶！	Why do you keep staring at the ceiling? That's creepy!	drafted	opus: trad; vertical, columns right to left	trad
7578682_585919	zh	7578682	585919	crops/7578682_585919.webp	691	387	horizontal	海底	Bottom of the Sea	drafted	opus: script-neutral; brush title	neutral
10056895_723867	zh	10056895	723867	crops/10056895_723867.webp	238	172	unknown	好大…	So big...	drafted	opus: script-neutral; hand-lettered; 3-dot ellipsis as …	neutral
7257169_558516	zh	7257169	558516	crops/7257169_558516.webp	71	303	vertical	臉頰沾上了	You got some on your cheek	drafted	opus: trad; vertical	trad
11692302_800761	zh	11692302	800761	crops/11692302_800761.webp	204	379	vertical	清明	Qingming	drafted	opus: script-neutral; vertical	neutral
1949772_585768	zh	1949772	585768	crops/1949772_585768.webp	47	60	unknown	啪!!	Snap!!	drafted	opus: script-neutral; tiny hand-drawn glyph read as 口+扌+白 = 啪; 2 slanted exclamation marks	neutral
1095385_82081	zh	1095385	82081	crops/1095385_82081.webp	116	63	horizontal	我還是覺得這罐奶粉一定有什麼地方不對勁。	I still think something's wrong with this milk powder.	drafted	opus: trad; typeset, 3 lines joined	trad
164998_308538	zh	164998	308538	crops/164998_308538.webp	154	248	vertical	始終都要跳啊？	I still have to dance?	uncertain	opus: hand-written vertical, columns right to left; 2nd glyph read 終 (trad) but its radical is scrawled (alt simp 终); final mark drawn like の with a dot, read as ？ (a 。 may also be intended); otherwise script-neutral	trad
15030131_913437	zh	15030131	913437	crops/15030131_913437.webp	296	782	vertical	一花香十里，更值满枝开。	One bloom’s fragrance extends ten li, even better is a full branch.	drafted	opus: simp (满/开); vertical, columns right to left	simp
12633205_832031	zh	12633205	832031	crops/12633205_832031.webp	417	245	horizontal	可是你突然找我说话了	But one day, you started talking to me	drafted	opus: simp (说/话); hand-written	simp
11307229_784234	zh	11307229	784234	crops/11307229_784234.webp	116	61	horizontal	者	Alice Saga	uncertain	opus: crop is off-centre on the page title 勇者传 (simp): 勇 cut at the left edge, 传 cut at the right edge - only 者 fully visible. Note text Alice Saga does not match the pixels	neutral
10054387_723692	zh	10054387	723692	crops/10054387_723692.webp	126	236	vertical	杭州	"<div style=""font-size:230%;font-family:hand;""><b>Hangzhou</b></div><div class=""note-box-attributes"" style=""background-color:#FFFFFF;""></div>"	drafted	opus: script-neutral; vertical	neutral
8503308_637526	zh	8503308	637526	crops/8503308_637526.webp	1136	549	horizontal	新年快樂	Happy New Year	drafted	opus: trad (樂); cursive brush calligraphy	trad
1161770_186186	zh	1161770	186186	crops/1161770_186186.webp	43	97	vertical	納奉	Donations	uncertain	opus: trad/JP-form 納 (糸); vertical sticker reads 納 above 奉 top to bottom - likely the Japanese term 奉納 written in reverse/right-to-left order; the page is Touhou art with mixed JP/Chinese signage, so the row may not really be Chinese	trad
12942966_842760	zh	12942966	842760	crops/12942966_842760.webp	191	310	vertical	诶…？在里面胀大了…拔不出来!?	What the...? It feels larger than before... is it stuck inside me!?	drafted	opus: simp; vertical, columns right to left; vertical dot ellipses as …	simp
1936787_187946	zh	1936787	187946	crops/1936787_187946.webp	67	218	vertical	醫生!!有急患(其實沒很急)	Doctor! Emergency! (actually not really so)	uncertain	opus: trad (醫/實/沒); hand-written vertical, columns right to left; the 2 slanted marks after 醫生 read as !! ; parentheses drawn as vertical brackets; 急 scrawled. 急患 is also a Japanese word	trad
9821591_711127	zh	9821591	711127	crops/9821591_711127.webp	192	458	vertical	早安，我的女主角♡	Good morning, my female lead ♥	drafted	opus: script-neutral; vertical, columns right to left; the comma tick could be 、	neutral
5808719_477489	zh	5808719	477489	crops/5808719_477489.webp	294	173	horizontal	诶嘿	Ehe	drafted	opus: simp (诶)	simp
8094720_629147	zh	8094720	629147	crops/8094720_629147.webp	204	604	vertical	啊！别把我丢在外面让我进去吧…	Ahh, don't leave me outside! Let me get in pls	drafted	opus: simp; vertical, columns right to left; vertical ellipsis as …	simp
5272747_443027	zh	5272747	443027	crops/5272747_443027.webp	49	624	vertical		A light that seems like it will go out <tn>(in Japanese)</tn>	skip	opus: skip: Japanese (消えちゃいそうな光), not Chinese - note also says in Japanese	neutral
13359860_859387	zh	13359860	859387	crops/13359860_859387.webp	374	65	horizontal	地区/四川凉山	Region / Liangshan, Sichuan	drafted	opus: simp (区/凉); letter-spaced typeset title, spacing dropped; slash as /	simp
4931248_406806	zh	4931248	406806	crops/4931248_406806.webp	96	240	vertical	哦哦哦哦哦哦！这个摩托真可爱！	<b>Oooooh! What a cute bike you got here!</B>	drafted	opus: simp; vertical, columns right to left; 6 x 哦	simp
13925176_878175	zh	13925176	878175	crops/13925176_878175.webp	564	115	horizontal	除夕（物理）	New Years' Eve <tn>lit. Delete Dusk</tn>	drafted	opus: script-neutral; full-width parentheses	neutral
3561690_584344	zh	3561690	584344	crops/3561690_584344.webp	106	56	horizontal	请加油	Please do your best	drafted	opus: simp (请); hand-written	simp
13660539_869349	zh	13660539	869349	crops/13660539_869349.webp	630	282	horizontal	妳想要什麼呢？拉芙希妮	What do you desire, Reed?	drafted	opus: trad (麼); hand-written; the name in the pixels (拉芙希妮) differs from the note (Reed) - trusted the crop	trad
4849652_371250	zh	4849652	371250	crops/4849652_371250.webp	76	156	vertical	对啊，一下就好了，哦对，朱诺呢把她也叫上吧。	Yep, and it will take you just a second. Say, is Juneau here? Get her as well.	drafted	opus: simp; vertical, columns right to left	simp
14201965_889115	zh	14201965	889115	crops/14201965_889115.webp	89	192	vertical	注意看这是我意志最清醒时候	Watch closely, this is when my will is at its clearest	uncertain	opus: simp (这/时); hand-written, short horizontal lines (注意看/这是我/意志最/清醒/时候); a speck right of 醒 at the right edge may be a cut glyph (probably 的); 醒 and 这 are scrawled	simp
14686463_902049	zh	14686463	902049	crops/14686463_902049.webp	419	128	horizontal	姑且晨跑不是白跑的…！（？	I suppose I can go for a morning run It won't be a waste, then...! (?	drafted	opus: script-neutral; 3-dot ellipsis as …; unclosed parenthesis as lettered	neutral
8064034_603052	zh	8064034	603052	crops/8064034_603052.webp	685	262	horizontal	三月七	March 7th	drafted	opus: script-neutral; title lettering	neutral
12720984_835128	zh	12720984	835128	crops/12720984_835128.webp	352	131	horizontal	刘众赫，臭小子这才不是结局	Yoo Joonghyuk, you bastard This isn't the end 	drafted	opus: simp; typeset, 2 lines joined	simp
